LOT 1851-A & 1851-B, JALAN KPB 6, KAWASAN PERINDUSTRIAN BALAKONG, 43300 SERI KEMBANGAN, SELANGOR	address
5	total
. 	O
S&Y STATIONERY 	company
NO. 36G JALAN BULAN BM U5/BM, BANDAR PINGGIRAN SUBANG, SEKSYEN U5, 40150 SHAH ALAM, SELANGOR.	address
72	total
. 	O
99 SPEED MART S/B 	company
LOT P.T. 2811, JALAN ANGSA, TAMAN BERKELEY 41150 KLANG, SELANGOR	address
37.45	total
. 	O
ENW HARDWARE CENTRE (M) SDN. BHD. 	company
NO: G3, BLK G, JLN PJU 1A/3, ARA DAMANSARA, 47301 PETALING JAYA, SELANGOR DARUL EHSAN.	address
27	total
. 	O
ENW HARDWARE CENTRE (M) SDN. BHD. 	company
NO: G3, BLK G, JLN PJU 1A/3, ARA DAMANSARA, 47301 PETALING JAYA, SELANGOR DARUL EHSAN.	address
156	total
. 	O
UNIHAKKA INTERNATIONAL SDN BHD 	company
12, JALAN TAMPOI 7/4,KAWASAN PERINDUSTRIAN TAMPOI,81200 JOHOR BAHRU,JOHOR	address
$11.20 	total
. 	O
FARMASI LIGAMAS 	company
NO. 47, JALAN MERANTI 1A, BANDAR BARU UTAMA, 44300 BATANG KALI, SELANGOR.	address
25	total
. 	O
OLD TOWN KOPITIAM SDN BHD 	company
NO,35, JALAN KEBUDAYAAN 8, TAMAN UNIVERSITY,81300 SKUDAI, JOHOR	address
28.5	total
. 	O
DIMILIKI OLEH : DOVE HOLDINGS SDN BHD 	company
LOT S25, AEON TEBRAU CITY JUSCO NO 1, JLN DESA TEBRAU, TMN DESA TEBRAU, 81100 JOHOR BAHRU, JOHOR	address
164.8	total
. 	O
GERBANG ALAF RESTAURANTS SDN BHD 	company
LEVEL 6, BANGUNAN TH, DAMANSARA UPTOWN3 NO.3, JALAN SS21/39,47400 PETALING JAYA SELANGOR	address
70.3	total
. 	O
WARAKUYA PERMAS CITY SDN BHD 	company
JALAN PERMAS UTARA 1, PERMAS JAYA 81750 MASAI JOHOR	address
24.4	total
. 	O
THE MARCO POLO KITCH BUKIT INDAH 	company
NO 35,JALAN INDAH 15/2,BUKIT INDAH 81200 JOHOR BAHRU,JOHOR	address
15.15	total
. 	O
SWC ENTERPRISE SDN BHD 	company
5-7, JALAN MAHAGONI 7/1 SEKSYEN 4, BANDAR UTAMA, 44300 BATANG KALI, SELANGOR	address
41.2	total
. 	O
SANYU STATIONERY SHOP 	company
NO. 31G&33G, JALAN SETIA INDAH X ,U13/X 40170 SETIA ALAM	address
35	total
. 	O
SANYU STATIONERY SHOP 	company
NO. 31G&33G, JALAN SETIA INDAH X ,U13/X 40170 SETIA ALAM	address
14.9	total
. 	O
SANYU STATIONERY SHOP 	company
NO. 31G&33G, JALAN SETIA INDAH X ,U13/X 40170 SETIA ALAM	address
8.7	total
. 	O
SANYU STATIONERY SHOP 	company
NO. 31G&33G, JALAN SETIA INDAH X ,U13/X 40170 SETIA ALAM	address
8.7	total
. 	O
ENW HARDWARE CENTRE (M) SDN. BHD. 	company
NO: G3, BLK G, JLN PJU 1A/3, ARA DAMANSARA, 47301 PETALING JAYA, SELANGOR DARUL EHSAN.	address
51	total
. 	O
DIMILIKI OLEH T PLUS F&B SDN. BHD. 	company
PARADIGM MALL LOT NO.: 4F-27 & 4FK-38, 4TH FLOOR	address
9.45	total
. 	O
KFA SUPPLY 	company
125A TINGKAT BAWAH PT 1961 JALAN MALINJA SITE B 45400 SEKINCHAN SELANGOR 	address
11.6	total
. 	O
UNIHAKKA INTERNATIONAL SDN BHD 	company
12, JALAN TAMPOI 7/4,KAWASAN PERINDUSTRIAN TAMPOI,81200 JOHOR BAHRU,JOHOR	address
$8.70 	total
. 	O
MR. D.I.Y. (M) SDN BHD 	company
LOT 1851-A & 1851-B, JALAN KPB 6, KAWASAN PERINDUSTRIAN BALAKONG, 43300 SERI KEMBANGAN, SELANGOR	address
23	total
. 	O
SANYU STATIONERY SHOP 	company
NO. 31G&33G, JALAN SETIA INDAH X ,U13/X 40170 SETIA ALAM	address
3	total
. 	O
SANYU STATIONERY SHOP 	company
NO. 31G&33G, JALAN SETIA INDAH X ,U13/X 40170 SETIA ALAM	address
2	total
. 	O
SANYU STATIONERY SHOP 	company
NO. 31G&33G, JALAN SETIA INDAH X ,U13/X 40170 SETIA ALAM	address
43.7	total
. 	O
SANYU STATIONERY SHOP 	company
NO. 31G&33G, JALAN SETIA INDAH X ,U13/X 40170 SETIA ALAM	address
14.9	total
. 	O
SANYU STATIONERY SHOP 	company
NO. 31G&33G, JALAN SETIA INDAH X ,U13/X 40170 SETIA ALAM	address
3	total
. 	O
SANYU STATIONERY SHOP 	company
NO. 31G&33G, JALAN SETIA INDAH X ,U13/X 40170 SETIA ALAM	address
2	total
. 	O
SANYU STATIONERY SHOP 	company
NO. 31G&33G, JALAN SETIA INDAH X ,U13/X 40170 SETIA ALAM	address
12.4	total
. 	O
SANYU STATIONERY SHOP 	company
NO. 31G&33G, JALAN SETIA INDAH X ,U13/X 40170 SETIA ALAM	address
12	total
. 	O
SANYU STATIONERY SHOP 	company
NO. 31G&33G, JALAN SETIA INDAH X ,U13/X 40170 SETIA ALAM	address
8.7	total
. 	O
SANYU STATIONERY SHOP 	company
NO. 31G&33G, JALAN SETIA INDAH X ,U13/X 40170 SETIA ALAM	address
9.3	total
. 	O
SANYU STATIONERY SHOP 	company
NO. 31G&33G, JALAN SETIA INDAH X ,U13/X 40170 SETIA ALAM	address
8.7	total
. 	O
SANYU STATIONERY SHOP 	company
NO. 31G&33G, JALAN SETIA INDAH X ,U13/X 40170 SETIA ALAM	address
8.7	total
. 	O
SANYU STATIONERY SHOP 	company
NO. 31G&33G, JALAN SETIA INDAH X ,U13/X 40170 SETIA ALAM	address
46.9	total
. 	O
SANYU STATIONERY SHOP 	company
NO. 31G&33G, JALAN SETIA INDAH X ,U13/X 40170 SETIA ALAM	address
10	total
. 	O
SANYU STATIONERY SHOP 	company
NO. 31G&33G, JALAN SETIA INDAH X ,U13/X 40170 SETIA ALAM	address
8.7	total
. 	O
SANYU STATIONERY SHOP 	company
NO. 31G&33G, JALAN SETIA INDAH X ,U13/X 40170 SETIA ALAM 	address
16.5	total
. 	O
SANYU STATIONERY SHOP 	company
NO. 31G&33G, JALAN SETIA INDAH X ,U13/X 40170 SETIA ALAM	address
8.7	total
. 	O
SANYU STATIONERY SHOP 	company
NO. 31G&33G, JALAN SETIA INDAH X ,U13/X 40170 SETIA ALAM	address
4.5	total
. 	O
SANYU STATIONERY SHOP 	company
NO. 31G&33G, JALAN SETIA INDAH X ,U13/X 40170 SETIA ALAM	address
8.7	total
. 	O
SANYU STATIONERY SHOP 	company
NO. 31G&33G, JALAN SETIA INDAH X ,U13/X 40170 SETIA ALAM	address
35	total
. 	O
SANYU STATIONERY SHOP 	company
NO. 31G&33G, JALAN SETIA INDAH X ,U13/X 40170 SETIA ALAM	address
33.6	total
. 	O
SANYU STATIONERY SHOP 	company
NO. 31G&33G, JALAN SETIA INDAH X ,U13/X 40170 SETIA ALAM	address
5	total
. 	O
SANYU STATIONERY SHOP 	company
NO. 31G&33G, JALAN SETIA INDAH X ,U13/X 40170 SETIA ALAM	address
8.7	total
. 	O
SANYU STATIONERY SHOP 	company
NO. 31G&33G, JALAN SETIA INDAH X ,U13/X 40170 SETIA ALAM	address
5	total
. 	O
SANYU STATIONERY SHOP 	company
NO. 31G&33G, JALAN SETIA INDAH X ,U13/X 40170 SETIA ALAM	address
9.3	total
. 	O
AIK HUAT HARDWARE ENTERPRISE (SETIA ALAM) SDN BHD 	company
NO. 17-G, JALAN SETIA INDAH (X) U13/X, SETIA ALAM, SEKSYEN U13, 40170 SHAH ALAM,	address
16	total
. 	O
FY EAGLE ENTERPRISE 	company
NO. 42, JALAN PBS 14/11, TAMAN PERINDUSTRIAN BUKIT SERDANG, 43300 SERI KEMBANGAN, SELANGOR	address
52	total
. 	O
MYNEWS RETAIL SB 	company
UNIT 105, BLOCK A,PUSAT DAGANGAN PHILEO DAMANSARA, NO.9, JALAN 16/11,,46350,PETALING JAYA,SELANGOR	address
6	total
. 	O
AIK HUAT HARDWARE ENTERPRISE (SETIA ALAM) SDN BHD 	company
NO. 17-G, JALAN SETIA INDAH (X) U13/X, SETIA ALAM, SEKSYEN U13, 40170 SHAH ALAM,	address
2.5	total
. 	O
AIK HUAT HARDWARE ENTERPRISE (SETIA ALAM) SDN BHD 	company
NO. 17-G, JALAN SETIA INDAH (X) U13/X, SETIA ALAM, SEKSYEN U13, 40170 SHAH ALAM,	address
28	total
. 	O
SANYU STATIONERY SHOP 	company
NO. 31G&33G, JALAN SETIA INDAH X ,U13/X 40170 SETIA ALAM	address
3.9	total
. 	O
AIK HUAT HARDWARE ENTERPRISE (SETIA ALAM) SDN BHD 	company
NO. 17-G, JALAN SETIA INDAH (X) U13/X, SETIA ALAM, SEKSYEN U13, 40170 SHAH ALAM,	address
4	total
. 	O
AIK HUAT HARDWARE ENTERPRISE (SETIA ALAM) SDN BHD 	company
NO. 17-G, JALAN SETIA INDAH (X) U13/X, SETIA ALAM, SEKSYEN U13, 40170 SHAH ALAM,	address
6	total
. 	O
AIK HUAT HARDWARE ENTERPRISE (SETIA ALAM) SDN BHD 	company
NO. 17-G, JALAN SETIA INDAH (X) U13/X, SETIA ALAM, SEKSYEN U13, 40170 SHAH ALAM,	address
14	total
. 	O
SANYU STATIONERY SHOP 	company
NO. 31G&33G, JALAN SETIA INDAH X ,U13/X 40170 SETIA ALAM	address
7	total
. 	O
AIK HUAT HARDWARE ENTERPRISE (SETIA ALAM) SDN BHD 	company
NO. 17-G, JALAN SETIA INDAH (X) U13/X, SETIA ALAM, SEKSYEN U13, 40170 SHAH ALAM, 	address
16	total
. 	O
AIK HUAT HARDWARE ENTERPRISE (SETIA ALAM) SDN BHD 	company
NO. 17-G, JALAN SETIA INDAH (X) U13/X, SETIA ALAM, SEKSYEN U13, 40170 SHAH ALAM,	address
7	total
. 	O
AIK HUAT HARDWARE ENTERPRISE (SETIA ALAM) SDN BHD 	company
NO. 17-G, JALAN SETIA INDAH (X) U13/X, SETIA ALAM, SEKSYEN U13, 40170 SHAH ALAM,	address
24	total
. 	O
AIK HUAT HARDWARE ENTERPRISE (SETIA ALAM) SDN BHD 	company
NO. 17-G, JALAN SETIA INDAH (X) U13/X, SETIA ALAM, SEKSYEN U13, 40170 SHAH ALAM,	address
30	total
. 	O
AIK HUAT HARDWARE ENTERPRISE (SETIA ALAM) SDN BHD 	company
NO. 17-G, JALAN SETIA INDAH (X) U13/X, SETIA ALAM, SEKSYEN U13, 40170 SHAH ALAM,	address
24	total
. 	O
RAPID RAIL SDN BHD 	company
NO.1 JALAN PJU 1A/46, OFF JALAN LAPANGAN TERBANG SUBANG PETALING JAYA SELANGOR 4730	address
RM 30.00 	total
. 	O
MOONLIGHT CAKE HOUSE SDN BHD 	company
NO.1, JALAN PERMAS 10/5, BANDAR BARU PERMAS JAYA 81750 JOHOR BAHRU, JOHOR.	address
RM15.40 	total
. 	O
UNIHAKKA INTERNATIONAL SDN BHD 	company
12, JALAN TAMPOI 7/4,KAWASAN PERINDUSTRIAN TAMPOI,81200 JOHOR BAHRU,JOHOR	address
RM7.70 	total
. 	O
UNIHAKKA INTERNATIONAL SDN BHD 	company
12, JALAN TAMPOI 7/4,KAWASAN PERINDUSTRIAN TAMPOI,81200 JOHOR BAHRU,JOHOR	address
RM7.70 	total
. 	O
UNIHAKKA INTERNATIONAL SDN BHD 	company
12, JALAN TAMPOI 7/4,KAWASAN PERINDUSTRIAN TAMPOI,81200 JOHOR BAHRU,JOHOR	address
RM8.50 	total
. 	O
ESJAY FUEL ENTERPRISE 	company
LOT PTD 101051 JALAN PERMAS 10/10 81750 MASAI, JOHOR	address
50	total
. 	O
UNIHAKKA INTERNATIONAL SDN BHD 	company
12, JALAN TAMPOI 7/4,KAWASAN PERINDUSTRIAN TAMPOI,81200 JOHOR BAHRU,JOHOR	address
RM7.70 	total
. 	O
MOONLIGHT CAKE HOUSE SDN BHD 	company
NO.1, JALAN PERMAS 10/5, BANDAR BARU PERMAS JAYA 81750 JOHOR BAHRU, JOHOR. 	address
RM21.85 	total
. 	O
AEON CO. (M) BHD 	company
3RD FLR, AEON TAMAN MALURI SC JLN JEJAKA, TAMAN MALURI CHERAS, 55100 KUALA LUMPUR	address
127.35	total
. 	O
UNIHAKKA INTERNATIONAL SDN BHD 	company
12, JALAN TAMPOI 7/4,KAWASAN PERINDUSTRIAN TAMPOI,81200 JOHOR BAHRU,JOHOR	address
RM6.00 	total
. 	O
GRANDMA HOMES RESTAURANT 	company
NO.3 & 5, JALAN PERMAS 11, BANDAR BARU PERMAS JAYA, 81750 MASAI, JOHOR	address
473.3	total
. 	O
PASARAYA CINWA SDN BHD 	company
NO.6,8, 10& 12 JALAN PERMAS 4/3 BANDAR BARU PERMAS JAYA, 81750 JOHOR BAHRU,JOHOR.	address
14.2	total
. 	O
AEON CO. (M) BHD 	company
3RD FLR, AEON TAMAN MALURI SC JLN JEJAKA, TAMAN MALURI CHERAS, 55100 KUALA LUMPUR	address
38.6	total
. 	O
UNIHAKKA INTERNATIONAL SDN BHD 	company
12, JALAN TAMPOI 7/4,KAWASAN PERINDUSTRIAN TAMPOI,81200 JOHOR BAHRU, JOHOR	address
RM7.70 	total
. 	O
KEDAI RUNCIT ZBH 	company
NO.17,JALAN PERMAS 1/7, BANDAR BARU PERMAS JAYA,81750,MASAI	address
RM43.40 	total
. 	O
LEMON TREE RESTAURANT JTJ FOODS SDN BHD 	company
NO 3, JALAN PERMAS 10/8, BANDAR BARU PERMAS JAYA, 81750 MASAI, JOHOR	address
10.3	total
. 	O
UNIHAKKA INTERNATIONAL SDN BHD 	company
12, JALAN TAMPOI 7/4,KAWASAN PERINDUSTRIAN TAMPOI,81200 JOHOR BAHRU, JOHOR	address
RM8.20 	total
. 	O
THE TOAST F&B SDN BHD 	company
LOT 2110&2111 JALAN PERMAS UTARA BANDAR BARU PERMAS 81750 JOHOR BAHRU JOHOR 	address
28.15	total
. 	O
DE LUXE CIRCLE FRESH MART SDN BHD 	company
NO.89&91, JALAN UTAMA, TAMAN MUTIA RINI, 81300 SKUDAI, JOHOR. 	address
25.85	total
. 	O
UNIHAKKA INTERNATIONAL SDN BHD 	company
12, JALAN TAMPOI 7/4,KAWASAN PERINDUSTRIAN TAMPOI,81200 JOHOR BAHRU, JOHOR	address
RM8.20 	total
. 	O
LAVENDER CONFECTIONERY & BAKERY S/B 	company
LOT G29 & G30, AEON MALL TEBRAU CITY, NO. 1, JALAN DESA TEBRAU, TAMAN DESA TEBRAU, 81100 JOHOR BAHRU.	address
26.5	total
. 	O
PASIR EMAS HARDWARE SDN BHD 	company
NO 69, JALAN PENGKALAN 5, TAMAN PASIR EMAS, KG PASIR PUTIH, 81700 PASIR GUDANG, JOHOR.	address
36	total
. 	O
IDEAL MENU GROUP SDN BHD 	company
31,31A, JALAN HANG TUAH 9, TAMAN SKUDAI BARU, 81300 SKUDAI, JOHOR	address
12	total
. 	O
UNIHAKKA INTERNATIONAL SDN BHD 	company
12, JALAN TAMPOL 7/4,KAWASAN PERINDUSTRIAN TAMPOI,81200 JOHOR BAHRU,JOHOR	address
RM8.50 	total
. 	O
RESTORAN DE COFFEE O 	company
NO 33, 35, G F ,JALAN TEMENGGUNG 3/9, BANDAR MAHKOTA CHERAS, 43200 CHERAS, SELANGOR 	address
11.6	total
. 	O
GERBANG ALAF RESTAURANTS SDN BHD 	company
LEVEL 6, BANGUNAN TH, DAMANSARA UPTOWN3 NO.3, JALAN SS21/39, 47400 PETALING JAYA SELANGOR	address
12.8	total
. 	O
MOONLIGHT CAKE HOUSE SDN BHD 	company
NO.1, JALAN PERMAS 10/5, BANDAR BARU PERMAS JAYA 81750 JOHOR BAHRU, JOHOR.	address
RM14.20 	total
. 	O
GERBANG ALAF RESTAURANTS SDN BHD 	company
LEVEL 6, BANGUNAN TH, DAMANSARA UPTOWN3 NO.3, JALAN SS21/39,47400 PETALING JAYA SELANGOR	address
18.9	total
. 	O
MR. D.I.Y. (M) SDN BHD 	company
LOT 1851-A & 1851-B, JALAN KPB 6, KAWASAN PERINDUSTRIAN BALAKONG, 43300 SERI KEMBANGAN, SELANGOR	address
2.7	total
. 	O
RESTORAN WAN SHENG 	company
NO.2, JALAN TEMENGGUNG 19/9, SEKSYEN 9, BANDAR MAHKOTA CHERAS, 43200 CHERAS, SELANGOR	address
2.4	total
. 	O
RESTORAN WAN SHENG 	company
NO.2, JALAN TEMENGGUNG 19/9, SEKSYEN 9, BANDAR MAHKOTA CHERAS, 43200 CHERAS, SELANGOR	address
5	total
. 	O
SANG KEE CHERAS RESTAURANT 	company
69, JALAN TEMENGGUNG 3/9 BANDAR MAHKOTA CHERAS 43200 CHERAS SELANGOR	address
2.5	total
. 	O
MR. D.I.Y. (M) SDN BHD 	company
LOT 1851-A & 1851-B, JALAN KPB 6, KAWASAN PERINDUSTRIAN BALAKONG, 43300 SERI KEMBANGAN, SELANGOR	address
69.2	total
. 	O
RESTORAN WAN SHENG 	company
NO.2, JALAN TEMENGGUNG 19/9, SEKSYEN 9, BANDAR MAHKOTA CHERAS, 43200 CHERAS, SELANGOR	address
4.2	total
. 	O
RESTORAN WAN SHENG 	company
NO.2, JALAN TEMENGGUNG 19/9, SEKSYEN 9, BANDAR MAHKOTA CHERAS, 43200 CHERAS, SELANGOR	address
4.6	total
. 	O
RESTORAN WAN SHENG 	company
NO.2, JALAN TEMENGGUNG 19/9, SEKSYEN 9, BANDAR MAHKOTA CHERAS, 43200 CHERAS, SELANGOR	address
6.5	total
. 	O
RESTORAN WAN SHENG 	company
NO.2, JALAN TEMENGGUNG 19/9, SEKSYEN 9, BANDAR MAHKOTA CHERAS, 43200 CHERAS, SELANGOR	address
4.6	total
. 	O
RESTORAN WAN SHENG 	company
NO.2, JALAN TEMENGGUNG 19/9, SEKSYEN 9, BANDAR MAHKOTA CHERAS, 43200 CHERAS, SELANGOR 	address
4.8	total
. 	O
10 GRAM GOURMET SBN BHD 	company
NO 3, JALAN TEMENGGUNG 27/9 BANDAR MAHKOTA CHERAS, 43200 SELANGOR.	address
15	total
. 	O
LEONG HENG SHELL SERVICE STATION 	company
LOT 26151 BANDAR SG LONG, 11 1/4 MILES CHERAS, 43000 KAJANG, SELANGOR	address
50	total
. 	O
PAPPARICH BMC 	company
NO.19 & 21 JALAN TEMENGGUNG 23/9 BANDAR MAHKOTA CHERAS 43200 SELANGOR DARUL EHSAN, MALAYSIA	address
17.22	total
. 	O
PROSPER NIAGA 	company
LOT PT 1138 ,PT 33122, BANDAR MAHKOTA CHERAS 43200 CHERAS, SELANGOR	address
100	total
. 	O
RESTORAN WAN SHENG 	company
NO.2, JALAN TEMENGGUNG 19/9, SEKSYEN 9, BANDAR MAHKOTA CHERAS, 43200 CHERAS, SELANGOR	address
9.6	total
. 	O
MR. D.I.Y. (KUCHAI) SDN BHD 	company
LOT 1851-A & 1851-B, JALAN KPB 6, KAWASAN PERINDUSTRIAN BALAKONG, 43300 SERI KEMBANGAN, SELANGOR	address
8.95	total
. 	O
MIZU MENTAI SDN. BHD. 	company
NO: 1-1&2 GROUND FLOOR, JLN TEMENGGUNG 13/9, 43200 CHERAS SELANGOR.	address
68	total
. 	O
MR. D.I.Y. (KUCHAI) SDN BHD 	company
LOT 1851-A & 1851-B, JALAN KPB 6, KAWASAN PERINDUSTRIAN BALAKONG, 43300 SERI KEMBANGAN, SELANGOR	address
27.25	total
. 	O
99 SPEED MART S/B 	company
LOT P.T. 2811, JALAN ANGSA, TAMAN BERKELEY 41150 KLANG, SELANGOR 1237-TMN INDAH PERDANA	address
23.6	total
. 	O
99 SPEED MART S/B 	company
LOT P.T. 2811, JALAN ANGSA, TAMAN BERKELEY 41150 KLANG, SELANGOR 1237-TMN INDAH PERDANA	address
137.15	total
. 	O
99 SPEED MART S/B 	company
LOT P.T. 2811, JALAN ANGSA, TAMAN BERKELEY 41150 KLANG, SELANGOR 1237-TMN INDAH PERDANA	address
22.9	total
. 	O
MR. D.I.Y. (KUCHAI) SDN BHD 	company
LOT 1851-A & 1851-B, JALAN KPB 6, KAWASAN PERINDUSTRIAN BALAKONG, 43300 SERI KEMBANGAN, SELANGOR	address
11.25	total
. 	O
99 SPEED MART S/B 	company
LOT P.T. 2811, JALAN ANGSA, TAMAN BERKELEY 41150 KLANG, SELANGOR 1237-TMN INDAH PERDANA	address
23.4	total
. 	O
99 SPEED MART S/B 	company
LOT P.T. 2811, JALAN ANGSA, TAMAN BERKELEY 41150 KLANG, SELANGOR 1237-TMN INDAH PERDANA	address
20.9	total
. 	O
SANJUNG REALITI SDN. BHD. 	company
CAR PARK OFFICE, BASEMENT 1, LABUHRAYA SPRINT, PJU6A, 47400 PETALING JAYA, SELANGOR	address
1.5	total
. 	O
MR. D.I.Y. (M) SDN BHD 	company
LOT 1851-A & 1851-B, JALAN KP3 6, KAWASAN PERINDUSTRIAN BALAKONG, 43300 SERI KEMBANGAN, SELANGOR	address
8.1	total
. 	O
MYNEWS RETAIL SB 	company
OASIS VILLAGE LOUNGE 2, GROUND FLOOR, OASIS VILLAGE,NO 2, JALAN PJU 1A/7A, OASIS SQUARE,OASIS DAMANSARA., 47301, PETALING JAYA,SELANGOR	address
7.7	total
. 	O
DION REALTIES SDN BHD 	company
MENARA DION #02-03, LEVEL 2, 27, JALAN SULTAN ISMAIL, 50250 KUALA LUMPUR.	address
5	total
. 	O
C W KHOO HARDWARE SDN BHD 	company
NO.50 , JALAN PBS 14/11 , KAWASAN PERINDUSTRIAN BUKIT SERDANG,	address
48	total
. 	O
ONE ONE THREE SEAFOOD RESTAURANT SDN BHD 	company
NO.1, TAMAN SRI DENGKIL, JALAN AIR HITAM 43800 DENGKIL, SELANGOR.	address
65.7	total
. 	O
ONE ONE THREE SEAFOOD RESTAURANT SDN BHD 	company
NO. 1, TAMAN SRI DENGKIL, JALAN AIR HITAM 43800 DENGKIL, SELANGOR.	address
71	total
. 	O
ONE ONE THREE SEAFOOD RESTAURANT SDN BHD 	company
NO. 1, TAMAN SRI DENGKIL, JALAN AIR HITAM 43800 DENGKIL, SELANGOR.	address
112.35	total
. 	O
ONE ONE THREE SEAFOOD RESTAURANT SDN BHD 	company
NO. 1, TAMAN SRI DENGKIL, JALAN AIR HITAM 43800 DENGKIL, SELANGOR.	address
42.4	total
. 	O
ONE ONE THREE SEAFOOD RESTAURANT SDN BHD 	company
NO. 1, TAMAN SRI DENGKIL, JALAN AIR HITAM 43800 DENGKIL, SELANGOR.	address
52	total
. 	O
MEGAH RETAIL SDN BHD 	company
3-7, GROUND FLOOR, JLN PURTA DENGKIL 1 TMN PUTRA DENGKIL 43800 DENGKIL, SELANGOR DARUL EHSAN	address
4.7	total
. 	O
KEDAI PAPAN YEW CHUAN 	company
LOT 276 JALAN BANTING 43800 DENGKIL, SELANGOR	address
190.8	total
. 	O
KEDAI PAPAN YEW CHUAN 	company
LOT 276 JALAN BANTING 43800 DENGKIL, SELANGOR	address
87.45	total
. 	O
99 SPEED MART S/B 	company
LOT P.T. 2811, JALAN ANGSA, TAMAN BERKELEY 41150 KLANG, SELANGOR 1225-DENGKIL	address
27.9	total
. 	O
KEDAI PAPAN YEW CHUAN 	company
LOT 276 JALAN BANTING 43800 DENGKIL, SELANGOR	address
121.9	total
. 	O
KEDAI PAPAN YEW CHUAN 	company
LOT 276 JALAN BANTING 43800 DENGKIL, SELANGOR	address
178.08	total
. 	O
KEDAI PAPAN YEW CHUAN 	company
LOT 276 JALAN BANTING 43800 DENGKIL, SELANGOR.	address
162.71	total
. 	O
KEDAI PAPAN YEW CHUAN 	company
LOT 276 JALAN BANTING 43800 DENGKIL, SELANGOR	address
361.46	total
. 	O
KEDAI PAPAN YEW CHUAN 	company
LOT 276 JALAN BANTING 43800 DENGKIL, SELANGOR	address
68.9	total
. 	O
KEDAI PAPAN YEW CHUAN 	company
LOT 276 JALAN BANTING 43800 DENGKIL, SELANGOR	address
404.39	total
. 	O
GH DISTRIBUTOR & MARKETING SDN BHD 	company
216, MACALISTER ROAD, 10400 PENANG, 10400 PENANG.	address
85.2	total
. 	O
OCEAN LC PACKAGING ENTERPRISE 	company
41-1, JLN RADIN ANUM 2, SRI PETALING, 57000 KUALA LUMPUR.	address
RM152.00 	total
. 	O
POPULAR BOOK CO. (M) SDN BHD 	company
NO 8, JALAN 7/118B, DESA TUN RAZAK 56000 KUALA LUMPUR, MALAYSIA	address
7.3	total
. 	O
KT WONG TRADING 	company
22, JALAN PERINDUSTRIAN HIJAU 5, TAMAN PERINDUSTRIAN HIJAU,	address
489.3	total
. 	O
AMTECH ELECTRICAL SUPPLIES 	company
107,JALAN BANDAR RAWANG 2, PUSAT BANDAR RAWANG, 48000 RAWANG,SELANGOR D E	address
136	total
. 	O
MR. D.I.Y. (M) SDN BHD 	company
LOT 1851-A & 1851-B, JALAN KPB 6, KAWASAN PERINDUSTRIAN BALAKONG, 43300 SERI KEMBANGAN, SELANGOR	address
7.15	total
. 	O
PASAR RAYA MEGA MAJU (SEMENYIH) SDN BHD 	company
NO 24, 25 & 26, JALAN PUSAT PERNIAGAAN BUNGA RAYA 4, PUSAT PERNIAGAAN BUNGA RAYA,	address
30.45	total
. 	O
ONE ONE THREE SEAFOOD RESTAURANT SDN BHD 	company
NO. 1, TAMAN SRI DENGKIL, JALAN AIR HITAM 43800 DENGKIL, SELANGOR.	address
59	total
. 	O
ONE ONE THREE SEAFOOD RESTAURANT SDN BHD 	company
NO.1, TAMAN SRI DENGKIL, JALAN AIR HITAM 43800 DENGKIL, SELANGOR.	address
35	total
. 	O
ONE ONE THREE SEAFOOD RESTAURANT SDN BHD 	company
NO.1, TAMAN SRI DENGKIL, JALAN AIR HITAM 43800 DENGKIL, SELANGOR.	address
87.45	total
. 	O
LIAN HING STATIONERY SDN BHD 	company
NO.32 & 33, JALAN SR 1/9, SEKSYEN 9, TAMAN SERDANG RAYA, 43300 SERI KEMBANGAN, SELANGOR DARUL EHSAN	address
12	total
. 	O
99 SPEED MART S/B 	company
LOT P.T. 2811, JALAN ANGSA, TAMAN BERKELEY 41150 KLANG, SELANGOR 1317 TRILLIUM S6 BESI	address
141.5	total
. 	O
GL HANDICRAFT & TAIL ORING 	company
19, JALAN KANCIL, OFF JALAN PUDU, 55100 KUALA LUMPUR MALAYSIA	address
102	total
. 	O
POPULAR BOOK CO. (M) SDN BHD 	company
NO 8, JALAN 7/118B, DESA TUN RAZAK 56000 KUALA LUMPUR, MALAYSIA	address
49.4	total
. 	O
AEON CO. (M) BHD 	company
3RD FLR, AEON TAMAN MALURI SC JLN JEJAKA, TAMAN MALURI CHERAS, 55100 KUALA LUMPUR	address
17.7	total
. 	O
LIAN HING STATIONERY SDN BHD 	company
NO.32 & 33, JALAN SR 1/9, SEKSYEN 9, TAMAN SERDANG RAYA, 43300 SERI KEMBANGAN, SELANGOR DARUL EHSAN	address
79.5	total
. 	O
SYARIKAT PERNIAGAAN GIN KEE 	company
NO 290, JALAN AIR PANAS. SETAPAK. 53200, KUALA LUMPUR.	address
7.42	total
. 	O
SYARIKAT PERNIAGAAN GIN KEE 	company
NO 290, JALAN AIR PANAS. SETAPAK, 53200, KUALA LUMPUR.	address
29.68	total
. 	O
SYARIKAT PERNIAGAAN GIN KEE 	company
NO 290, JALAN AIR PANAS. SETAPAK, 53200, KUALA LUMPUR	address
148.4	total
. 	O
SYARIKAT PERNIAGAAN GIN KEE 	company
NO 290, JALAN AIR PANAS, SETAPAK, 53200, KUALA LUMPUR.	address
6.36	total
. 	O
IKANO HANDEL SDN BHD 	company
NO 2A JALAN COCHRANE TAMAN MALURI 55100 KUALA LUMPUR 	address
73.3	total
. 	O
SYARIKAT PERNIAGAAN GIN KEE 	company
NO 290, JALAN AIR PANAS, SETAPAK, 53200, KUALA LUMPUR.	address
21.2	total
. 	O
SYARIKAT PERNIAGAAN GIN KEE 	company
NO 290, JALAN AIR PANAS, SETAPAK, 53200, KUALA LUMPUR.	address
5.3	total
. 	O
SYARIKAT PERNIAGAAN GIN KEE 	company
NO 290, JALAN AIR PANAS, SETAPAK, 53200, KUALA LUMPUR.	address
12.72	total
. 	O
ASO ELECTRICAL TRADING SDN BHD 	company
NO 31G, JALAN SEPADU C 25/C, SECTION 25, TAMAN INDUSTRIES, AXIS 40400 SHAH ALAM, SELANGOR.	address
99	total
. 	O
RESTORAN WAN SHENG 	company
NO.2, JALAN TEMENGGUNG 19/9, SEKSYEN 9, BANDAR MAHKOTA CHERAS, 43200 CHERAS, SELANGOR	address
6	total
. 	O
SYARIKAT PERNIAGAAN GIN KEE 	company
NO 290, JALAN AIR PANAS, SETAPAK, 53200, KUALA LUMPUR.	address
39.75	total
. 	O
RESTORAN WAN SHENG 	company
NO.2, JALAN TEMENGGUNG 19/9, SEKSYEN 9, BANDAR MAHKOTA CHERAS, 43200 CHERAS, SELANGOR	address
9.1	total
. 	O
B & BEST RESTAURANT 	company
NO.12,JALAN SS4C/5,PETALING JAYA SELANGOR DARUL EHSAN	address
7.4	total
. 	O
RESTORAN WAN SHENG 	company
NO.2, JALAN TEMENGGUNG 19/9, SEKSYEN 9, BANDAR MAHKOTA CHERAS, 43200 CHERAS, SELANGOR	address
6.7	total
. 	O
OLIVE9 PHARMACY SDN BHD 	company
69 JALAN NOVA U5/N, SEKSYEN U5 SUBANG BE	address
12.15	total
. 	O
RESTORAN WAN SHENG 	company
NO.2, JALAN TEMENGGUNG 19/9, SEKSYEN 9, BANDAR MAHKOTA CHERAS, 43200 CHERAS, SELANGOR	address
4.8	total
. 	O
B & BEST RESTAURANT 	company
NO.12, JALAN SS4C/5,PETALING JAYA SELANGOR DARUL EHSAN	address
14.85	total
. 	O
SEGI CASH & CARRY SDN. BHD. 	company
PT17920 SEK U9, SHAH ALAM	address
50.45	total
. 	O
99 SPEED MART S/B 	company
LOT P.T. 2811, JALAN ANGSA, TAMAN BERKELEY 41150 KLANG, SELANGOR 1313-SUBANG BESTARI	address
42.35	total
. 	O
BILLION SIX ENTERPRISE 	company
NO 3, JALAN TAMAN JASA 2, SECTION U6, 40150 SHAH ALAM.	address
12	total
. 	O
AMANO MALAYSIA SDN BHD 	company
12 JALAN PENGACARA U1/48 TEMASYA INDUSTRIAL PARK 40150 SHAH ALAM SELANGOR 	address
RM1.00 	total
. 	O
AMANO MALAYSIA SDN BHD 	company
12 JALAN PENGACARA U1/48 TEMASYA INDUSTRIAL PARK 40150 SHAH ALAM SELANGOR 	address
RM3.00 	total
. 	O
TANJONGMAS BOOKCENTRE (PJ) SDN BHD 	company
LOT F15, GIANT BANDAR PUTERI JALAN PUTERI 1/1, BDR PUTERI 47100 PUCHONG, SELANGOR	address
62	total
. 	O
PERNIAGAAN RIANG RIA 	company
NO7,JLN UERO,SHAH ALAM.	address
22.6	total
. 	O
GARDENIA BAKERIES (KL) SDN BHD 	company
LOT 3, JALAN PELABUR 23/1, 40300 SHAH ALAM, SELANGOR.	address
-1.73	total
. 	O
PINGHWAI TRADING SDN BHD 	company
NO.2, JALAN METRO PERDANA TIMUR 11, KEPONG ENTERPRENUERS PARK, OFF JALAN KEPONG, 52100 KUALA LUMPUR.	address
1,007.50	total
. 	O
GARDENIA BAKERIES (KL) SDN BHD 	company
LOT 3, JALAN PELABUR 23/1, 40300 SHAH ALAM, SELANGOR.	address
36.55	total
. 	O
SANYU STATIONERY SHOP 	company
NO. 31G&33G, JALAN SETIA INDAH X ,U13/X 40170 SETIA ALAM	address
36	total
. 	O
GARDENIA BAKERIES (KL) SDN BHD 	company
LOT 3, JALAN PELABUR 23/1, 40300 SHAH ALAM, SELANGOR.	address
48.04	total
. 	O
SANYU STATIONERY SHOP 	company
NO. 31G&33G, JALAN SETIA INDAH X ,U13/X 40170 SETIA ALAM	address
33.5	total
. 	O
SANYU STATIONERY SHOP 	company
NO. 31G&33G, JALAN SETIA INDAH X ,U13/X 40170 SETIA ALAM	address
5.8	total
. 	O
PINGHWAI TRADING SDN BHD 	company
NO.2, JALAN METRO PERDANA TIMUR 11, KEPONG ENTERPRENUERS PARK, OFF JALAN KEPONG, 52100 KUALA LUMPUR.	address
616.6	total
. 	O
SANYU STATIONERY SHOP 	company
NO. 31G&33G, JALAN SETIA INDAH X ,U13/X 40170 SETIA ALAM	address
3.9	total
. 	O
SANYU STATIONERY SHOP 	company
NO. 31G&33G, JALAN SETIA INDAH X ,U13/X 40170 SETIA ALAM	address
5.8	total
. 	O
RESTORAN WAN SHENG 	company
NO.2, JALAN TEMENGGUNG 19/9, SEKSYEN 9, BANDAR MAHKOTA CHERAS, 43200 CHERAS, SELANGOR	address
7.8	total
. 	O
RESTORAN WAN SHENG 	company
NO.2, JALAN TEMENGGUNG 19/9, SEKSYEN 9, BANDAR MAHKOTA CHERAS, 43200 CHERAS, SELANGOR	address
8.6	total
. 	O
RESTORAN WAN SHENG 	company
NO.2, JALAN TEMENGGUNG 19/9, SEKSYEN 9, BANDAR MAHKOTA CHERAS, 43200 CHERAS, SELANGOR	address
4.8	total
. 	O
RESTORAN WAN SHENG 	company
NO.2, JALAN TEMENGGUNG 19/9, SEKSYEN 9, BANDAR MAHKOTA CHERAS, 43200 CHERAS, SELANGOR	address
4.6	total
. 	O
RESTORAN WAN SHENG 	company
NO.2, JALAN TEMENGGUNG 19/9, SEKSYEN 9, BANDAR MAHKOTA CHERAS, 43200 CHERAS, SELANGOR	address
6.7	total
. 	O
RESTORAN WAN SHENG 	company
NO.2, JALAN TEMENGGUNG 19/9, SEKSYEN 9, BANDAR MAHKOTA CHERAS, 43200 CHERAS, SELANGOR	address
6.7	total
. 	O
RESTORAN WAN SHENG 	company
NO.2, JALAN TEMENGGUNG 19/9, SEKSYEN 9, BANDAR MAHKOTA CHERAS, 43200 CHERAS, SELANGOR	address
7.8	total
. 	O
RESTORAN WAN SHENG 	company
NO.2, JALAN TEMENGGUNG 19/9, SEKSYEN 9, BANDAR MAHKOTA CHERAS, 43200 CHERAS, SELANGOR	address
4.1	total
. 	O
RESTORAN WAN SHENG 	company
NO.2, JALAN TEMENGGUNG 19/9, SEKSYEN 9, BANDAR MAHKOTA CHERAS, 43200 CHERAS, SELANGOR	address
19.4	total
. 	O
RESTORAN WAN SHENG 	company
NO.2, JALAN TEMENGGUNG 19/9, SEKSYEN 9, BANDAR MAHKOTA CHERAS, 43200 CHERAS, SELANGOR	address
4.8	total
. 	O
MR. D.I.Y. (KUCHAI) SDN BHD 	company
LOT 1851-A & 1851-B, JALAN KPB 6, KAWASAN PERINDUSTRIAN BALAKONG, KAWASAN PERINDUSTRIAN BALAKONG, 43300 SERI KEMBANGAN, SELANGOR	address
17.45	total
. 	O
99 SPEED MART S/B 	company
LOT P.T. 2811, JALAN ANGSA, TAMAN BERKELEY 41150 KLANG, SELANGOR 1249-TMN PANDAN CAHAYA	address
19.9	total
. 	O
OGN GROUP SDN BHD 	company
NO.29M, JALAN DINAR G U3/G, SEKSYEN U3, SUBANG PERDANA, 40150 SHAH ALAM	address
28.3	total
. 	O
DION REALTIES SDN BHD 	company
MENARA DION #02-03, LEVEL 2, 27, JALAN SULTAN ISMAIL, 50250 KUALA LUMPUR.	address
5	total
. 	O
OGN GROUP SDN BHD 	company
NO.29M, JALAN DINAR G U3/G, SEKSYEN U3, SUBANG PERDANA, 40150 SHAH ALAM	address
52.4	total
. 	O
C W KHOO HARDWARE SDN BHD 	company
NO.50, JALAN PBS 14/11, KAWASAN PERINDUSTRIAN BUKIT SERDANG,	address
19	total
. 	O
PANDAH INDAH PULAU KETAM RESTAURANT 	company
M4-A-8, JALAN PANDAH INDAH 4/1A, PANDAH INDAH, 55100 KUALA LUMPUR.	address
93	total
. 	O
FILL IN ENTERPRISE 	company
LOT 2407, JALAN DUA 52100 KEPONG BARU, KL	address
100	total
. 	O
RESTAURANT JIAWEI JIAWEI HOUSE 	company
13, JLN TASIK UTAMA 8 MEDAN NIAGA DAMAI SG BESI 57000 KL	address
27	total
. 	O
DION REALTIES SDN BHD 	company
MENARA DION #02-03, LEVEL 2, 27, JALAN SULTAN ISMAIL, 50250 KUALA LUMPUR.	address
5	total
. 	O
ONE ONE THREE SEAFOOD RESTAURANT SDN BHD 	company
NO.1, TAMAN SRI DENGKIL, JALAN AIR HITAM 43800 DENGKIL, SELANGOR.	address
58	total
. 	O
ONE ONE THREE SEAFOOD RESTAURANT SDN BHD 	company
NO. 1, TAMAN SRI DENGKIL, JALAN AIR HITAM 43800 DENGKIL, SELANGOR.	address
38	total
. 	O
GL HANDICRAFT & TAIL ORING 	company
19, JALAN KANCIL, OFF JALAN PUDU, 55100 KUALA LUMPUR MALAYSIA	address
102	total
. 	O
ONE ONE THREE SEAFOOD RESTAURANT SDN BHD 	company
NO.1, TAMAN SRI DENGKIL, JALAN AIR HITAM 43800 DENGKIL, SELANGOR.	address
179.5	total
. 	O
ONE ONE THREE SEAFOOD RESTAURANT SDN BHD 	company
NO.1, TAMAN SRI DENGKIL, JALAN AIR HITAM 43800 DENGKIL, SELANGOR.	address
148.5	total
. 	O
KAISON FURNISHING SDN BHD 	company
L4-17 (B), LEVEL 4, UP2-01, MELAWATI MALL, 355, JALAN BANDAR MELAWATI, PUSAT BANDAR MELAWATI, 53100 KUALA LUMPUR.	address
7838.8	total
. 	O
MR. D.I.Y. (M) SDN BHD 	company
LOT 1851-A & 1851-B, JALAN KPB 6, KAWASAN PERINDUSTRIAN BALAKONG, 43300 SERI KEMBANGAN, SELANGOR	address
14.9	total
. 	O
MR. D.I.Y. (M) SDN BHD 	company
LOT 1851-A & 1851-B, JALAN KPB 6, KAWASAN PERINDUSTRIAN BALAKONG, 43300 SERI KEMBANGAN, SELANGOR	address
26.1	total
. 	O
GOLDEN KEY MAKER 	company
NO 5, JALAN KENARI 2, BANDAR PUCHONG JAYA, 47100 PUCHONG, SELANGOR	address
21	total
. 	O
ELITETRAX MARKETING SDN BHD 	company
LOT 1F-01&02,1ST FLR,PARADIGM MALL, NO. 1 JALAN SS 7/26A, KELANA JAYA, 47301 PETALING JAYA	address
60	total
. 	O
MR. D.I.Y. (M) SDN BHD 	company
LOT 1851-A & 1851-B, JALAN KPB 6, KAWASAN PERINDUSTRIAN BALAKONG, 43300 SERI KEMBANGAN, SELANGOR	address
12.3	total
. 	O
ANZEL ADVERTISING (M) SDN BHD 	company
UNIT G-5B, GROUND FLOOR, WISMA UOA II, NO 21, JALAN PINANG, 50450 KUALA LUMPUR, MALAYSIA	address
8.5	total
. 	O
TONYMOLY VIVA CITY 	company
UNIT L1-044B, VIVACITY MEGAMALL, JALAN WAN ALWI, 93350 KUCHING, SARAWAK.	address
48.95	total
. 	O
TONYMOLY VIVA CITY 	company
UNIT L1-044B, VIVACITY MEGAMALL, JALAN WAN ALWI, 93350 KUCHING, SARAWAK.	address
39.9	total
. 	O
ANZEL ADVERTISING (M) SDN BHD 	company
UNIT G-5B, GROUND FLOOR, WISMA UOA II, NO 21, JALAN PINANG, 50450 KUALA LUMPUR, MALAYSIA	address
7.4	total
. 	O
TONYMOLY VIVA CITY 	company
UNIT L1-044B, VIVACITY MEGAMALL, JALAN WAN ALWI, 93350 KUCHING, SARAWAK.	address
100.6	total
. 	O
MR. D.I.Y. (KUCHAI) SDN BHD 	company
LOT 1851-A & 1851-B, JALAN KPB 6, KAWASAN PERINDUSTRIAN BALAKONG, 43300 SERI KEMBANGAN, SELANGOR	address
119.7	total
. 	O
BEMED (SP) SDN BHD 	company
NO.49, JALAN DINAR G U3/G, SUBANG PERDANA, 40150 SHAH ALAM, SELANGOR D.E.	address
165	total
. 	O
Y SOON FATT S/B 	company
LOT 1504, BATU 8 1/2, JALAN KLANG LAMA, 46000 PETALING JAYA, SELANGOR.	address
362.5	total
. 	O
B & BEST RESTAURANT 	company
NO.12, JALAN SS4C/5,PETALING JAYA SELANGOR DARUL EHSAN	address
7.4	total
. 	O
PREMIO STATIONERY SDN BHD 	company
F-G-01 JALAN SS 6/5B DATARAN GLOMAC. KELANA JAYA 47301 PETALING JAYA. SELANGOR 	address
25.45	total
. 	O
BEMED (SP) SDN. BHD. 	company
NO.49, JALAN DINAR G U3/G, SUBANG PERDANA, 40150 SHAH ALAM, SELANGOR D.E.	address
217	total
. 	O
GOLDEN ARCHES RESTAURANTS SDN BHD 	company
LEVEL 6, BANGUNAN TH, DAMANSARA UPTOWN3 NO.3, JALAN SS21/39,47400 PETALING JAYA SELANGOR	address
29.3	total
. 	O
SEGI CASH & CARRY SDN.BHD 	company
PT17920, SEKSYEN U9, 40150 SHAH ALAM, SELANGOR DARUL EHSAN.	address
20.05	total
. 	O
SEGI CASH & CARRY SDN.BHD 	company
PT17920, SEKSYEN U9, 40150 SHAH ALAM, SELANGOR DARUL EHSAN.	address
12.6	total
. 	O
MEI LET RESTAURANT 	company
NO 2, JALAN BULAN BM U5/BM, SEKSYEN U5, 40150 SHAH ALAM, SELANGOR	address
67.85	total
. 	O
KING'S CONFECTIONERY S/B 	company
LOT NO. G23, GIANT KELANA JAYA LOT PT244, JLN PERBANDARAN SS6/4 PUSAT BANDAR KELANA JAYA, PETALING	address
7.5	total
. 	O
GL HANDICRAFT & TAII ORING 	company
19, JALAN KANCIL, OFF JALAN PUDU, 55100 KUALA LUMPUR MALAYSIA	address
130	total
. 	O
GL HANDICRAFT & TAII ORING 	company
19, JALAN KANCIL, OFF JALAN PUDU, 55100 KUALA LUMPUR MALAYSIA	address
104	total
. 	O
AMPANG 210 FIRST CITY PARKING SDN BHD 	company
A-09-10 PRIMA AVENUE THE TUBE, 1/39, DATARAN PRIMA 47301 PETALING JAYA SELANGOR DE	address
RM7.00 	total
. 	O
YONG SOON FATT S/B 	company
LOT 1504, BATU 8 1/2, JALAN KLANG LAMA, 46000 PETALING JAYA, SELANGOR.	address
758.7	total
. 	O
ARTRANGE STATIONERS & PRINT SDN BHD 	company
44 JALAN SS21/58 DAMANSARA UTAMA 47400 PETALING JAYA 	address
15.4	total
. 	O
TIMES BOOKSTORES 	company
LOT F21 & 22, CITTA MALL NO 1, JLN PJU 1A/4 47301	address
12.37	total
. 	O
YONG CEN ENTERPRISE 	company
9, JALAN SUBANG JASA 3, 40150 SHAH ALAM, SELANGOR.	address
94	total
. 	O
TOKYO KITCHEN (CITTA MALL) TOKYO KITCHEN SDN BHD 	company
G-26, GRD FLOOR,CITTA MALL, NO 1, JALAN PJU, 1A/4B, JLN PJU 1,ARA DAMANSARA, 47301 PETALING JAYA, SELANGOR.	address
113.8	total
. 	O
BEMED (SP) SDN. BHD. 	company
NO.49, JALAN DINAR G U3/G, SUBANG PERDANA, 40150 SHAH ALAM, SELANGOR D.E.	address
635	total
. 	O
BROADVIEW MARKETING SDN BHD 	company
NO. 9-G, JALAN DINAR D U3/D TAMAN SUBANG PERDANA, SEK,U3, 40150 SHAH ALAM,SELANGOR D.E.	address
4.7	total
. 	O
99 SPEED MART S/B 	company
LOT P.T. 2811, JALAN ANGSA, TAMAN BERKELEY 41150 KLANG, SELANGOR 1032-SUBANG PERDANA	address
20.8	total
. 	O
HERO DISTRIBUTION SDN BHD 	company
4243,COMPLEKS PERNIAGAAN SRI GAYA, JLN TMN SUBANG JASA 3, 40150 SELANGOR	address
41.5	total
. 	O
BEMED (SP) SDN. BHD. 	company
NO.49, JALAN DINAR G U3/G, SUBANG PERDANA, 40150 SHAH ALAM, SELANGOR D.E.	address
191.2	total
. 	O
SEGI CASH & CARRY SDN. BHD. 	company
PT17920 SEK U9, SHAH ALAM	address
118.35	total
. 	O
RESTORAN WAN SHENG 	company
NO. 2, JALAN TEMENGGUNG 19/9, SEKSYEN 9, BANDAR MAHKOTA CHERAS, 43200 CHERAS, SELANGOR	address
62.8	total
. 	O
IN-SPARKLE TRADING SDN BHD 	company
NO.LOT 24, BATU 11 KAMPUNG DATO, UJANG BALAKONG, 43200 CHERAS, SEL.	address
250	total
. 	O
99 SPEED MART S/B 	company
LOT P.T. 2811, JALAN ANGSA, TAMAN BERKELEY 41150 KLANG, SELANGOR 1214-JINJANG UTARA	address
52.1	total
. 	O
99 SPEED MART S/B 	company
LOT P.T. 2811, JALAN ANGSA, TAMAN BERKELEY 41150 KLANG, SELANGOR 1214-JINJANG UTARA	address
182	total
. 	O
ELKEN SERVICE SDN BHD 	company
NO 2-1 JALAN 3/137B BATU 5 JALAN KELANG LAMA 58000 KUALA LUMPUR 	address
250	total
. 	O
FIVE STAR CASH & CARRY 	company
G.23 & G.22, PLAZA SERI SETIA, NO.1 JALAN SS 9/1, 47300 PJ, SELANGOR.	address
45	total
. 	O
SUPER.SEVEN CASH & CARRY SDN BHD 	company
NO. 1 JALAN EURO 1 OFF JALAN BATU TIGA SUNGAI BULOH SEKSYEN U3 SHAH ALAM,40150	address
RM28.05 	total
. 	O
99 SPEED MART S/B 	company
LOT P.T. 2811, JALAN ANGSA, TAMAN BERKELEY 41150 KLANG, SELANGOR 1214-JINJANG UTARA	address
11.5	total
. 	O
BROADVIEW MARKETING SDN BHD 	company
NO. 9-G, JALAN DINAR D U3/D TAMAN SUBANG PERDANA, SEK,U3, 40150 SHAH ALAM,SELANGOR D.E.	address
18	total
. 	O
BEMED (SP) SDN. BHD. 	company
NO.49, JALAN DINAR G U3/G, SUBANG PERDANA, 40150 SHAH ALAM, SELANGOR D.E.	address
165	total
. 	O
99 SPEED MART S/B 	company
LOT P.T. 2811, JALAN ANGSA, TAMAN BERKELEY 41150 KLANG, SELANGOR 1422-TMN DESA JAYA	address
72.75	total
. 	O
B & BEST RESTAURANT 	company
NO.12,JALAN SS4C/5,PETALING JAYA SELANGOR DARUL EHSAN	address
22.25	total
. 	O
FIVE STAR CASH & CARRY 	company
G.23 & G.22, PLAZA SERI SETIA, NO.1 JALAN SS 9/1, 47300 PJ, SELANGOR.	address
19.8	total
. 	O
S&Y STATIONERY 	company
NO. 36G JALAN BULAN BM U5/BM, BANDAR PINGGIRAN SUBANG, SEKSYEN U5, 40150 SHAH ALAM, SELANGOR.	address
72	total
. 	O
DI HUAN YA RESTAURANT 	company
5,JALAN PERMAS 10/5, BANDAR BARU PERMAS JAYA, 81750 JOHOR BAHRU,JOHOR	address
35	total
. 	O
KING'S CONFECTIONERY S/B 	company
NO. 20-A1, JALAN SS6/3, KELANA JAYA, 47301 PETALING JAYA SELANGOR D.E.	address
19.2	total
. 	O
RESTORAN SIAM VILLAGE 	company
NO.8,JALAN PERMAS 10/7, PERMAS JAYA, 81750 JOHOR BAHRU.	address
275.9	total
. 	O
LAVENDER CONFECTIONERY & BAKERY S/B 	company
LOT G29 & G30, AEON MALL TEBRAU CITY, NO. 1, JALAN DESA TEBRAU, TAMAN DESA TEBRAU, 81100 JOHOR BAHRU.	address
12.3	total
. 	O
UNIHAKKA INTERNATIONAL SDN BHD 	company
12, JALAN TAMPOI 7/4,KAWASAN PERINDUSTRIAN TAMPOI,81200 JOHOR BAHRU,JOHOR	address
$7.10 	total
. 	O
HASHA PETROKIOSK 	company
LOT PTD 198718 TMN SIERRA P 81750 MASAI JOHOR 	address
50	total
. 	O
UNIHAKKA INTERNATIONAL SDN BHD 	company
12, JALAN TAMPOI 7/4,KAWASAN PERINDUSTRIAN TAMPOI,81200 JOHOR BAHRU,JOHOR	address
$8.20 	total
. 	O
UNIHAKKA INTERNATIONAL SDN BHD 	company
12, JALAN TAMPOI 7/4,KAWASAN PERINDUSTRIAN TAMPOI,81200 JOHOR BAHRU,JOHOR	address
$8.20 	total
. 	O
UNIHAKKA INTERNATIONAL SDN BHD 	company
12, JALAN TAMPOI 7/4,KAWASAN PERINDUSTRIAN TAMPOI,81200 JOHOR BAHRU,JOHOR	address
$7.00 	total
. 	O
BHPETROL PERMAS JAYA 2 	company
LOT PTD 101051 JALAN PERMAS 10/10 81750 MASAI, JOHOR	address
50	total
. 	O
UNIHAKKA INTERNATIONAL SDN BHD 	company
12, JALAN TAMPOI 7/4,KAWASAN PERINDUSTRIAN TAMPOI,81200 JOHOR BAHRU,JOHOR	address
$7.60 	total
. 	O
UNIHAKKA INTERNATIONAL SDN BHD 	company
12, JALAN TAMPOI 7/4,KAWASAN PERINDUSTRIAN TAMPOI,81200 JOHOR BAHRU,JOHOR	address
$8.20 	total
. 	O
UNIHAKKA INTERNATIONAL SDN BHD 	company
12, JALAN TAMPOI 7/4,KAWASAN PERINDUSTRIAN TAMPOI,81200 JOHOR BAHRU,JOHOR	address
$8.20 	total
. 	O
THE COFFEE BEAN & TEA LEAF (M) SDN. BHD. 	company
LOT F36, FIRST FLOOR, AEON MALL BDR DATO' ONN, NO.3 JLN DATO' ONN 3, BDR DATO' ONN 81100 JOHOR BAHRU, JOHOR	address
12	total
. 	O
UNIHAKKA INTERNATIONAL SDN BHD 	company
12, JALAN TAMPOI 7/4,KAWASAN PERINDUSTRIAN TAMPOI,81200 JOHOR BAHRU,JOHOR	address
$9.90 	total
. 	O
AEON CO. (M) SDN BHD 	company
3RD FLR, AEON TAMAN MALURI SC JLN JEJAKA, TAMAN MALURI CHERAS, 55100 KUALA LUMPUR	address
10.2	total
. 	O
AEON CO. (M) BHD 	company
3RD FLR, AEON TAMAN MALURI SC JLN JEJAKA, TAMAN MALURI CHERAS, 55100 KUALA LUMPUR	address
1.75	total
. 	O
DOMINO'S PIZZA 	company
NO.12, JALAN PERMAS JAYA 10, BANDAR BARU PERMAS JAYA, 81750 MASAI JOHOR	address
25.6	total
. 	O
PASAR MINI JIN SENG 	company
379, JALAN PERMAS SATU, BANDAR BARU PERMAS JAYA 81750 PLENTONG, JOHOR.	address
44.9	total
. 	O
SELASIH EKSLUSIF SDN BHD 	company
88 JALAN IBRAHIM SULTAN STULANG LAUT 80300 JOHOR BAHRU 	address
270	total
. 	O
DOMINO'S PIZZA 	company
NO.12, JALAN PERMAS JAYA 10, BANDAR BARU PERMAS JAYA, 81750 MASAI JOHOR	address
21.6	total
. 	O
DE MAXIMUM THAI EXPRESS SDN BHD 	company
BLK 2, UNIT G1 & G2, BESTARI TERRACE, LOT PTD 182908 & PTD 143216, JALAN DANGA, TAMAN NUSA BESTARI, 81300	address
21.8	total
. 	O
AEON CO. (M) BHD 	company
3RD FLR, AEON TAMAN MALURI SC JLN JEJAKA, TAMAN MALURI CHERAS, 55100 KUALA LUMPUR	address
98.35	total
. 	O
AEON CO. (M) BHD 	company
3RD FLR, AEON TAMAN MALURI SC JLN JEJAKA, TAMAN MALURI CHERAS, 55100 KUALA LUMPUR	address
122.8	total
. 	O
DOMINO'S PIZZA 	company
DOMINO'S PIZZA TAMAN UNIVERSITI 30, JLN KEBUDAYAAN 7, TMN UNIVERSITI 81300 SKUDAI, JOHOR	address
39.6	total
. 	O
DOMINO'S PIZZA 	company
DOMINO'S PIZZA TAMAN UNIVERSITI 30, JLN KEBUDAYAAN 7, TMN UNIVERSITI 81300 SKUDAI, JOHOR	address
30.9	total
. 	O
AEON CO. (M) BHD 	company
3RD FLR, AEON TAMAN MALURI SC JLN JEJAKA, TAMAN MALURI CHERAS, 55100 KUALA LUMPUR	address
46.55	total
. 	O
PASARAYA JALAL SDN BHD 	company
10-18,JLN KEBUDAYAAN 16,TMN U 81300 JOHOR BAHRU.	address
6.4	total
. 	O
DOMINO'S PIZZA 	company
DOMINO'S PIZZA PERMAS JAYA NO.12, JALAN PERMAS JAYA 10, BANDAR BARU PERMAS JAYA, 81750 MASAI JOHOR	address
7.2	total
. 	O
YHM AEON TEBRAU CITY 	company
S117, SECOND FLOOR, AEON TEBRAU CITY, 1, JALAN DESA TEBRAU, TAMAN DESA TEBRAU, 81100 JOHOR BAHRU, JOHOR.	address
81.8	total
. 	O
THE TOAST F&B SDN BHD 	company
LOT 2110&2111 JALAN PERMAS UTARA BANDAR BARU PERMAS 81750 JOHOR BAHRU JOHOR 	address
18.9	total
. 	O
AEON CO. (M) BHD 	company
3RD FLR, AEON TAMAN MALURI SC JLN JEJAKA, TAMAN MALURI CHERAS, 55100 KUALA LUMPUR	address
4.4	total
. 	O
WESTERN EASTERN ST TIONERY SDN. BHD 	company
42-46, JLN SULTAN AZLAN SHAH 51200 KUALA LUMPUR	address
RM5.00 	total
. 	O
MENTAI INITIAL SDN BHD 	company
NO.37-1, PLAZA DANAU DESA 2, JALAN 109F, TAMAN DANAU DESA, 58100 KUALA LUMPUR.	address
41.5	total
. 	O
GHEE HIANG GH DISTRIBUTOR & MARKETING SDN BHD 	company
95, BEACH ROAD, 10300 PENANG. 10400 PENANG.	address
25	total
. 	O
HAXINCONE RESOURCES SDN BHD 	company
16A, JALAN ASTAKA U8/83, BUKIT JELUTONG 40150 SHAH ALAN, SELANGOR D.E.	address
3.7	total
. 	O
THE ROTI MAN BAKERY 	company
117, JALAN RADIN BAGUS, SRI PETALING	address
RM20.40 	total
. 	O
WESTERN EASTERN STATIONERY SDN. BHD 	company
42-46, JLN SULTAN AZLAN SHAH 51200 KUALA LUMPUR	address
1.38	total
. 	O
GUARDIAN HEALTH AND BEAUTY SDN BHD 	company
JALAN LOKE YEW BENTONG 90 GROUND FLOOR JALAN BENTONG 	address
38.37	total
. 	O
TF VALUE-MART SDN BHD 	company
JALAN TRAS BATU 1 28700 BENTONG PAHANG DARUL MAKMUR. 	address
52.8	total
. 	O
CHECKERS HYPERMARKET SDN BHD (JALAN KLANG LAMA) 	company
LOT 2942 & 2945, JLN SERI SENTOSA 8, SERI SENTOSA, OFF JLN KLANG LAMA, 58000 KUALA LUMPUR.	address
20	total
. 	O
BERRY'S CAKE HOUSE 	company
NO.1, JLN PUTERI 1/6, BANDAR PUTERI, 47100 PUCHONG, SELANGOR	address
11.25	total
. 	O
FAMILYMART 	company
NO 16A, JALAN ASTAKA U8/83, BUKIT JELUTONG. 40150 SHAH ALAM, SELANGOR, D.E.	address
18.8	total
. 	O
KHIAM AIK CHAN SDN BHD 	company
NO. 76, JALAN SS15/4B, 47500 SUBANG JAYA, SELANGOR D.E.	address
28.4	total
. 	O
R&C VENTURE SDN BHD 	company
LOT-18A-2, BERJAYA TIMES SQUARE, KUALA LUMPUR.	address
9.5	total
. 	O
SUBANG HEALTHCARE SDN BHD 	company
B-8, JALAN SS15/4D, 47500 SUBANG JAYA, SELANGOR	address
28.9	total
. 	O
DIGI TELECOMMUNICATIONS SDN BHD 	company
LOT LG 315, 1-UTAMA SHOPPING CENTRE, LEBUH BANDAR UTAMA-BANDAR UTAMA, PETALING JAYA, 47800 SELANGOR	address
234.4	total
. 	O
SUBANG HEALTHCARE SDN BHD 	company
B-8, JALAN SS15/4D, 47500 SUBANG JAYA, SELANGOR	address
78.1	total
. 	O
GARDENIA BAKERIES (KL) SDN BHD 	company
LOT 3, JALAN PELABUR 23/1, 40300 SHAH ALAM, SELANGOR.	address
94.19	total
. 	O
GARDENIA BAKERIES (KL) SDN BHD 	company
LOT 3, JALAN PELABUR 23/1, 40300 SHAH ALAM, SELANGOR.	address
20.21	total
. 	O
GARDENIA BAKERIES (KI ) SDN BHD 	company
LOT 3, JALAN PELABUR 23/1, 40300 SHAH ALAM, SELANGOR.	address
33.05	total
. 	O
GARDENIA BAKERIES (KL) SDN BHD 	company
LOT 3, JALAN PELABUR 23/1, 40300 SHAH ALAM, SELANGOR.	address
53.14	total
. 	O
GARDENIA BAKERIES (KL) SDN BHD 	company
LOT 3, JALAN PELABUR 23/1, 40300 SHAH ALAM, SELANGOR.	address
24.83	total
. 	O
GARDENIA BAKERIES (KL) SDN BHD 	company
LOT 3, JALAN PELABUR 23/1, 40300 SHAH ALAM, SELANGOR.	address
36.36	total
. 	O
GARDENIA BAKERIES (KL) SDN BHD 	company
LOT 3, JALAN PELABUR 23/1, 40300 SHAH ALAM, SELANGOR.	address
39.78	total
. 	O
GARDENIA BAKERIES (KL) SDN BHD 	company
LOT 3, JALAN PELABUR 23/1, 40300 SHAH ALAM, SELANGOR.	address
27.1	total
. 	O
GARDENIA BAKERIES (KL) SDN BHD 	company
LOT 3, JALAN PELABUR 23/1, 40300 SHAH ALAM, SELANGOR.	address
41.44	total
. 	O
GARDENIA BAKERIES (KL) SDN BHD 	company
LOT 3, JALAN PELABUR 23/1, 40300 SHAH ALAM, SELANGOR.	address
73.55	total
. 	O
GARDENIA BAKERIES (KL) SDN BHD 	company
LOT 3, JALAN PELABUR 23/1, 40300 SHAH ALAM, SELANGOR.	address
68.41	total
. 	O
MAKASSAR FRESH MARKET S/B 	company
GROUND FLOOR, NO. 4 & 6, JALAN SS15/4B, 47500 SUBANG JAYA, SELANGOR.	address
RM40.00 	total
. 	O
GARDENIA BAKERIES (KL) SDN BHD 	company
LOT 3, JALAN PELABUR 23/1, 40300 SHAH ALAM, SELANGOR.	address
50.6	total
. 	O
GARDENIA BAKERIES (KL) SDN BHD 	company
LOT 3, JALAN PELABUR 23/1, 40300 SHAH ALAM, SELANGOR.	address
7.97	total
. 	O
GARDENIA BAKERIES (KL) SDN BHD 	company
LOT 3, JALAN PELABUR 23/1, 40300 SHAH ALAM, SELANGOR.	address
19.31	total
. 	O
GARDENIA BAKERIES (KL) SDN BHD 	company
LOT 3, JALAN PELABUR 23/1, 40300 SHAH ALAM, SELANGOR.	address
54.15	total
. 	O
GARDENIA BAKERIES (KL) SDN BHD 	company
LOT 3, JALAN PELABUR 23/1, 40300 SHAH ALAM, SELANGOR.	address
29.59	total
. 	O
GARDENIA BAKERIES (KL) SDN BHD 	company
LOT 3, JALAN PELABUR 23/1, 40300 SHAH ALAM, SELANGOR.	address
51.88	total
. 	O
GARDENIA BAKERIES (KL) SDN BHD 	company
LOT 3, JALAN PELABUR 23/1, 40300 SHAH ALAM, SELANGOR.	address
26.8	total
. 	O
GARDENIA BAKERIES (KL) SDN BHD 	company
LOT 3, JALAN PELABUR 23/1, 40300 SHAH ALAM, SELANGOR.	address
23.2	total
. 	O
GARDENIA BAKERIES (KL) SDN BHD 	company
LOT 3, JALAN PELABUR 23/1, 40300 SHAH ALAM, SELANGOR.	address
31.05	total
. 	O
GARDENIA BAKERIES (KL) SDN BHD 	company
LOT 3, JALAN PELABUR 23/1, 40300 SHAH ALAM, SELANGOR.	address
62.6	total
. 	O
GARDENIA BAKERIES (KL) SDN BHD 	company
LOT 3, JALAN PELABUR 23/1, 40300 SHAH ALAM, SELANGOR.	address
14.79	total
. 	O
GARDENIA BAKERIES (KL) SDN BHD 	company
LOT 3, JALAN PELABUR 23/1, 40300 SHAH ALAM, SELANGOR.	address
41.87	total
. 	O
GARDENIA BAKERIES (KL) SDN BHD 	company
LOT 3, JALAN PELABUR 23/1, 40300 SHAH ALAM, SELANGOR.	address
65.5	total
. 	O
GARDENIA BAKERIES (KL) SDN BHD 	company
LOT 3, JALAN PELABUR 23/1, 40300 SHAH ALAM, SELANGOR.	address
40.18	total
. 	O
GARDENIA BAKERIES (KL) SDN BHD 	company
LOT 3, JALAN PELABUR 23/1, 40300 SHAH ALAM, SELANGOR.	address
22.58	total
. 	O
GARDENIA BAKERIES (KL) SDN BHD 	company
LOT 3, JALAN PELABUR 23/1, 40300 SHAH ALAM, SELANGOR.	address
5.9	total
. 	O
GARDENIA BAKERIES (KL) SDN BHD 	company
LOT 3, JALAN PELABUR 23/1, 40300 SHAH ALAM, SELANGOR.	address
3.21	total
. 	O
GARDENIA BAKERIES (KL) SDN BHD 	company
LOT 3, JALAN PELABUR 23/1, 40300 SHAH ALAM, SELANGOR.	address
39.87	total
. 	O
GARDENIA BAKERIES (KL) SDN BHD 	company
LOT 3, JALAN PELABUR 23/1, 40300 SHAH ALAM, SELANGOR.	address
35.01	total
. 	O
GARDENIA BAKERIES (KL) SDN BHD 	company
LOT 3, JALAN PELABUR 23/1, 40300 SHAH ALAM, SELANGOR.	address
34.21	total
. 	O
GARDENIA BAKERIES (KL) SDN BHD 	company
LOT 3, JALAN PELABUR 23/1, 40300 SHAH ALAM, SELANGOR.	address
68.63	total
. 	O
GARDENIA BAKERIES (KL) SDN BHD 	company
LOT 3, JALAN PELABUR 23/1, 40300 SHAH ALAM, SELANGOR.	address
58.86	total
. 	O
GARDENIA BAKERIES (KL) SDN BHD 	company
LOT 3, JALAN PELABUR 23/1, 40300 SHAH ALAM, SELANGOR.	address
46.06	total
. 	O
GARDENIA BAKERIES (KL) SDN BHD 	company
LOT 3, JALAN PELABUR 23/1, 40300 SHAH ALAM, SELANGOR.	address
60.24	total
. 	O
GARDENIA BAKERIES (KL) SDN BHD 	company
LOT 3, JALAN PELABUR 23/1, 40300 SHAH ALAM, SELANGOR.	address
54.19	total
. 	O
GARDENIA BAKERIES (KL) SDN BHD 	company
LOT 3, JALAN PELABUR 23/1, 40300 SHAH ALAM, SELANGOR.	address
31.32	total
. 	O
GARDENIA BAKERIES (KL) SDN BHD 	company
LOT 3, JALAN PELABUR 23/1, 40300 SHAH ALAM, SELANGOR.	address
51.42	total
. 	O
GARDENIA BAKERIES (KL) SDN BHD 	company
LOT 3, JALAN PELABUR 23/1, 40300 SHAH ALAM, SELANGOR.	address
27.2	total
. 	O
GARDENIA BAKERIES (KL) SDN BHD 	company
LOT 3, JALAN PELABUR 23/1, 40300 SHAH ALAM, SELANGOR.	address
33.8	total
. 	O
GARDENIA BAKERIES (KL) SDN BHD 	company
LOT 3, JALAN PELABUR 23/1, 40300 SHAH ALAM, SELANGOR.	address
59.54	total
. 	O
GARDENIA BAKERIES (KL) SDN BHD 	company
LOT 3, JALAN PELABUR 23/1, 40300 SHAH ALAM, SELANGOR.	address
23.56	total
. 	O
GARDENIA BAKERIES (KL) SDN BHD 	company
LOT 3, JALAN PELABUR 23/1, 40300 SHAH ALAM, SELANGOR.	address
110.46	total
. 	O
MR. D.I.Y. (M) SDN BHD 	company
LOT 1851 -A & 1851-B, JALAN KPB 6, KAWASAN PERINDUSTRIAN BALAKONG, 43300 SERI KEMBANGAN, SELANGOR	address
RM 8.60 	total
. 	O
COSWAY (M) SDN BHD 	company
2ND FLOOR, WISMA COSWAY, JALAN RAJA CHULAN, 50200 KUALA LUMPUR, MALAYSIA.	address
RM111.90 	total
. 	O
MR. D.I.Y. (KUCHAI) SDN BHD 	company
LOT 1851-A & 1851-B, JALAN KPB 6, KAWASAN PERINDUSTRIAN BALAKONG, 43300 SERI KEMBANGAN, SELANGOR	address
RM 22.90 	total
. 	O
99 SPEED MART S/B 	company
LOT P.T. 2811, JALAN ANGSA, TAMAN BERKELEY 41150 KLANG, SELANGOR 1320-TMN BATU	address
61.65	total
. 	O
MR. D.I.Y. (KUCHAI) SDN BHD 	company
LOT 1851-A & 1851-B, JALAN KPB 6, KAWASAN PERINDUSTRIAN BALAKONG, 43300 SERI KEMBANGAN, SELANGOR	address
RM 3.30 	total
. 	O
HAI-O RAYA BHD 	company
LOT 11995, BATU 2, JALAN KAPAR 41400 KLANG, SELANGOR	address
47.7	total
. 	O
GREEN LANE PHARMACY SDN BHD 	company
33 JLN BANGAU 1,KEPONG BARU, 52100 KEPONG,KL	address
180.1	total
. 	O
GUARDIAN HEALTH AND BEAUTY SDN BHD 	company
LOT F/L2A.4, LEVEL 2A FIRST WORLD PLAZA, FIRST WORLD	address
2.56	total
. 	O
99 SPEED MART S/B 	company
LOT P.T. 2811, JALAN ANGSA, TAMAN BERKELEY 41150 KLANG, SELANGOR 1558-TMN PUSAT KEPONG	address
31.8	total
. 	O
99 SPEED MART S/B 	company
LOT P.T. 2811, JALAN ANGSA, TAMAN BERKELEY 41150 KLANG, SELANGOR 1558-TMN PUSAT KEPONG	address
15.9	total
. 	O
99 SPEED MART S/B 	company
LOT P.T. 33198, BATU 4 JALAN KAPAR, MUKIM KAPAR 42100 KLANG, SELANGOR 1320-TMN BATU	address
82.8	total
. 	O
CHEF LEE SDN BHD 	company
LG226, LGF, 1 UTAMA SHOPPING CENTRE, LEBUH BANDAR UTAMA, 47800 PETALING JAYA.	address
RM96.20 	total
. 	O
MR. D.I.Y. (M) SDN BHD 	company
LOT 1851-A & 1851-B, JALAN KPB 6, KAWASAN PERINDUSTRIAN BALAKONG, 43300 SERI KEMBANGAN, SELANGOR	address
RM 21.00 	total
. 	O
MR. D.I.Y. (KUCHAI) SDN BHD 	company
LOT 1851-A & 1851-B, JALAN KPB 6, KAWASAN PERINDUSTRIAN BALAKONG, 43300 SERI KEMBANGAN, SELANGOR	address
RM 57.40 	total
. 	O
99 SPEED MART S/B 	company
LOT P.T. 33198, BATU 4 JALAN KAPAR, MUKIM KAPAR 42100 KLANG, SELANGOR 1181-TMN SRI SINAR	address
13.6	total
. 	O
MR. D.I.Y. (M) SDN BHD 	company
LOT 1851-A & 1851-B, JALAN KPB 6, KAWASAN PERINDUSTRIAN BALAKONG, 43300 SERI KEMBANGAN, SELANGOR	address
RM 64.70 	total
. 	O
YAM FRESH 	company
NO.145G, JALAN RIMBUNAN RAYA 1, LAMAN RIMBUNAN KEPONG, 52100 KUALA LUMPUR	address
RM8.35 	total
. 	O
FOUR QUARTERS SDN BHD 	company
NO.128G JLN SS21/35 DAMANSARA UTAMA PETALING JAYA 47400 SELANGOR 	address
43.9	total
. 	O
99 SPEED MART S/B 	company
LOT P.T. 33198, BATU 4 JALAN KAPAR, MUKIM KAPAR 42100 KLANG, SELANGOR 1558-TMN PUSAT KEPONG	address
27.3	total
. 	O
GOLDEN ARCHES RESTAURANTS SDN BHD 	company
LEVEL 6, BANGUNAN TH, DAMANSARA UPTOWN3 NO.3, JALAN SS21/39,47400 PETALING JAYA SELANGOR	address
28.2	total
. 	O
ECOSWAY.COM SDN BHD 	company
2ND FLOOR, WISMA COSWAY, JALAN RAJA CHULAN, 50200 KUALA LUMPUR, MALAYSIA.	address
RM78.30 	total
. 	O
99 SPEED MART S/B 	company
LOT P.T. 33198, BATU 4 JALAN KAPAR, MUKIM KAPAR 42100 KLANG, SELANGOR 1174-PERMATA MAGNA	address
2.1	total
. 	O
MR. D.I.Y. (KUCHAI) SDN BHD 	company
LOT 1851-A & 1851-B, JALAN KPB 6, KAWASAN PERINDUSTRIAN BALAKONG, 43300 SERI KEMBANGAN, SELANGOR	address
RM 12.50 	total
. 	O
SIN THYE & COMPANY 	company
NO.54, BATU 5,JALAN IPOH, KG.BATU, 51200 KUALA LUMPUR	address
110	total
. 	O
MR. D.I.Y. (KUCHAI) SDN BHD 	company
LOT 1851-A & 1851-B, JALAN KPB 6, KAWASAN PERINDUSTRIAN BALAKONG, 43300 SERI KEMBANGAN, SELANGOR	address
RM 13.30 	total
. 	O
NADEJE PLATINUM SDN BHD 	company
GK 101,GND FLR,ONE UTAMA SHOPPING CENTRE NO.1,LEBUH BANDAR UTAMA, 47800 PETALING JAYA, SELANGOR.	address
RM51.30 	total
. 	O
MR. D.I.Y. (M) SDN BHD 	company
LOT 1851-A & 1851-B, JALAN KPB 6, KAWASAN PERINDUSTRIAN BALAKONG, 43300 SERI KEMBANGAN, SELANGOR	address
RM 21.50 	total
. 	O
ANEKA INTERTRADE MARKETING SDN BHD 	company
LOT NO2, JALAN UTARID U5/13, SEKSYEN U5, 40150 SNAH ALAM, SELANGOR DARUL EHSAN, MALAYSIA	address
6.85	total
. 	O
MR. D.I.Y. (M) SDN BHD 	company
LOT 1851-A & 1851-B, JALAN KPB 6, KAWASAN PERINDUSTRIAN BALAKONG, 43300 SERI KEMBANGAN, SELANGOR	address
RM 68.10 	total
. 	O
99 SPEED MART S/B 	company
LOT P.T. 33198, BATU 4 JALAN KAPAR, MUKIM KAPAR 42100 KLANG, SELANGOR 1605-TMN SRI BINTANG	address
177.2	total
. 	O
BEST DENKI MALAYSIA 	company
LOT LG 26, SUBANG PARADE NO.5, JALAN SS16/1 47500 SUBANG JAYA, SELANGOR	address
89	total
. 	O
UROKO JAPANESE CUISINE SDN BHD 	company
22A-1, JALAN 17/54, SECTION 17, 46400 PETALING JAYA, SELANGOR.	address
87.1	total
. 	O
EDEN IMPRESSION SDN BHD 	company
LOT NO : 20, LEVEL UG1, PUBLIKA SOLARIS DUTAMAS. NO 1, JALAN DUTAMAS, 50480 KL	address
RM9.75 	total
. 	O
FTOF NOODLE HOUSE 	company
NO.25, JALAN METRO PERDANA BARAT 2, TAMAN USAHAWAN KEPONG, KEPONG UTARA, 52100 KUALA LUMPUR.	address
RM31.60 	total
. 	O
EIGHT OUNCE COFFEE CO. 	company
F.K06, FIRST FLOOR, THE GARDENS MALL, MID VALLEY CITY, LINGKARAN SYED PUTRA, 59200 KUALA LUMPUR.	address
39.9	total
. 	O
SKCA HARDWARE & TIMBER SDN. BHD. 	company
LOT 204 & 205, JALAN BATU 12 1/4, KG. DUSUN NANDING, 43100 HULU LANGAT, SELANGOR DARUL EHSAN.	address
142	total
. 	O
KEDAI UHAT DAN RUNCIT CHONG HWA 	company
3, JALAN PERDANA 5, TAMAN INDAH PERDANA, KEPONG, 52100 KL.	address
RM33.90 	total
. 	O
99 SPEED MART S/B 	company
LOT P.T. 2811, JALAN ANGSA, TAMAN BERKELEY 41150 KLANG, SELANGOR 1243-JLN PUDU ULU	address
14.4	total
. 	O
GUARDIAN HEALTH AND BEAUTY SDN BHD 	company
LOT B-005-006, BASEMENT LEVEL 1 THE STARLING MALL JALAN SS21/60, DAMANSARA UTAMA.	address
13.78	total
. 	O
ANN GIAP TRADING SDN BHD 	company
NO. 135, JALAN BANGI, 43500 SEMENYIH, SELANGOR	address
66	total
. 	O
K STATIONERY & OFFICE SUPPLIES 	company
NO.9, JALAN MANIS 3, TAMAN SEGAR CHERAS, 56100 KUALA LUMPUR.	address
148	total
. 	O
GUARDIAN HEALTH AND BEAUTY SDN BHD 	company
NO 15 JALAN BANDAR RAWANG 10 BANDAR BARU RAWANG 	address
4.5	total
. 	O
MPH BOOKSTORES SDN BHD 	company
LOT S319, 2ND FLOOR, 1 UTAMA SHOPPING CENTRE, NO1, LEBUH BANDAR UTAMA,47800 P.JAYA	address
31.45	total
. 	O
GUARDIAN HEALTH AND BEAUTY SDN BHD 	company
NO 15 JALAN BANDAR RAWANG 10 BANDAR BARU RAWANG 	address
2.28	total
. 	O
BECON STATIONER BECON ENTERPRISE SDN BHD 	company
NO.41G, JLN SS21/60, DAMANSARA UTAMA, 47400 PJ, SELANGOR.	address
247.55	total
. 	O
ECO-SHOP MARKETING SDN BHD 	company
LOT F1-01, 6, JALAN 8/27A, SEKSYEN 5 WANGSA MAJU, 53300 KUALA LUMPUR, WILAYAH PERSEKUTUAN KUALA LUMPUR, MALAYSIA.	address
16.3	total
. 	O
UNIHAKKA INTERNATIONAL SDN BHD 	company
12, JALAN TAMPOI 7/4,KAWASAN PERINDUSTRIAN TAMPOI,81200 JOHOR BAHRU,JOHOR	address
$8.20 	total
. 	O
UNIHAKKA INTERNATIONAL SDN BHD 	company
12, JALAN TAMPOI 7/4,KAWASAN PERINDUSTRIAN TAMPOI,81200 JOHOR BAHRU,JOHOR	address
$8.70 	total
. 	O
AEON CO. (M) BHD 	company
3RD FLR, AEON TAMAN MALURI SC JLN JEJAKA, TAMAN MALURI CHERAS, 55100 KUALA LUMPUR	address
99.9	total
. 	O
UNIHAKKA INTERNATIONAL SDN BHD 	company
12, JALAN TAMPOI 7/4,KAWASAN PERINDUSTRIAN TAMPOI,81200 JOHOR BAHRU,JOHOR	address
$8.70 	total
. 	O
DE MAXIMUM THAI EXPRESS SDN BHD 	company
BLK 2, UNIT G1 & G2, BESTARI TERRACE, LOT PTD 182908 & PTD 143216, JALAN DANGA, TAMAN NUSA BESTARI, 81300	address
30.7	total
. 	O
UNIHAKKA INTERNATIONAL SDN BHD 	company
12, JALAN TAMPOI 7/4,KAWASAN PERINDUSTRIAN TAMPOI,81200 JOHOR BAHRU,JOHOR	address
$8.20 	total
. 	O
UNIHAKKA INTERNATIONAL SDN BHD 	company
12, JALAN TAMPOI 7/4,KAWASAN PERINDUSTRIAN TAMPOI,81200 JOHOR BAHRU,JOHOR	address
$8.90 	total
. 	O
AEON CO. (M) BHD 	company
3RD FLR, AEON TAMAN MALURI SC JLN JEJAKA, TAMAN MALURI CHERAS, 55100 KUALA LUMPUR	address
476.8	total
. 	O
UNIHAKKA INTERNATIONAL SDN BHD 	company
12, JALAN TAMPOI 7/4,KAWASAN PERINDUSTRIAN TAMPOI,81200 JOHOR BAHRU,JOHOR	address
$10.30 	total
. 	O
DOMINO'S PIZZA TAMAN UNIVERSITI 	company
30, JLN KEBUDAYAAN 7, TMN UNIVERSITI 81300 SKUDAI, JOHOR	address
6.7	total
. 	O
GERBANG ALAF RESTAURANTS SDN BHD 	company
LEVEL 6, BANGUNAN TH, DAMANSARA UPTOWN3 NO.3, JALAN SS21/39,47400 PETA ING JAYA SELANGOR	address
11.1	total
. 	O
VERBENA CONFECTIONERY SDN BHD 	company
1, JALAN SUTERA TANJUNG 8/4, TMN SUTERA UTAMA, 81300 SKUDAI, JB.	address
75.7	total
. 	O
UNIHAKKA INTERNATIONAL SDN BHD 	company
12, JALAN TAMPOI 7/4,KAWASAN PERINDUSTRIAN TAMPOI,81200 JOHOR BAHRU,JOHOR	address
$6.60 	total
. 	O
DE LUXE CIRCLE FRESH MART SDN BHD 	company
NO. 89&91, JALAN UTAMA, TAMAN MUTIA RINI, 81300 SKUDAI, JOHOR.	address
12	total
. 	O
UNIHAKKA INTERNATIONAL SDN BHD 	company
12, JALAN TAMPOI 7/4,KAWASAN PERINDUSTRIAN TAMPOI,81200 JOHOR BAHRU,JOHOR	address
$10.70 	total
. 	O
UNIHAKKA INTERNATIONAL SDN BHD 	company
12, JALAN TAMPOI 7/4,KAWASAN PERINDUSTRIAN TAMPOI,81200 JOHOR BAHRU,JOHOR	address
$8.40 	total
. 	O
UNIHAKKA INTERNATIONAL SDN BHD 	company
12, JALAN TAMPOI 7/4,KAWASAN PERINDUSTRIAN TAMPOI,81200 JOHOR BAHRU,JOHOR	address
$11.40 	total
. 	O
THE TOAST F&B SDN BHD 	company
LOT 2110&2111 JALAN PERMAS UTARA BANDAR BARU PERMAS 81750 JOHOR BAHRU JOHOR 	address
31	total
. 	O
MR. D.I.Y. (M) SDN BHD 	company
LOT 1851-A & 1851-B, JALAN KPB 6, KAWASAN PERINDUSTRIAN BALAKONG, 43300 SERI KEMBANGAN, SELANGOR	address
RM 31.20 	total
. 	O
MR. D.I.Y. (M) SDN BHD 	company
LOT 1851-A & 1851-B, JALAN KPB 6, KAWASAN PERINDUSTRIAN BALAKONG, 43300 SERI KEMBANGAN, SELANGOR	address
RM 9.00 	total
. 	O
MR. D.I.Y. (M) SDN BHD 	company
LOT 1851-A & 1851-B, JALAN KPB 6, KAWASAN PERINDUSTRIAN BALAKONG, 43300 SERI KEMBANGAN, SELANGOR	address
RM 34.80 	total
. 	O
MR. D.I.Y. (M) SDN BHD 	company
LOT 1851-A & 1851-B, JALAN KPB 6, KAWASAN PERINDUSTRIAN BALAKONG, 43300 SERI KEMBANGAN, SELANGOR	address
RM 34.80 	total
. 	O
MR. D.I.Y. (M) SDN BHD 	company
LOT 1851-A & 1851-B, JALAN KPB 6, KAWASAN PERINDUSTRIAN BALAKONG, 43300 SERI KEMBANGAN, SELANGOR	address
RM 15.40 	total
. 	O
MR. D.I.Y. (M) SDN BHD 	company
LOT 1851-A & 1851-B, JALAN KPB 6, KAWASAN PERINDUSTRIAN BALAKONG, 43300 SERI KEMBANGAN, SELANGOR	address
48.1	total
. 	O
AEON CO. (M) BHD 	company
3RD FLR, AEON TAMAN MALURI SC JLN JEJAKA, TAMAN MALURI CHERAS, 55100 KUALA LUMPUR	address
26.1	total
. 	O
MR. D.I.Y. (M) SDN BHD 	company
LOT 1851-A & 1851-B, JALAN KPB 6, KAWASAN PERINDUSTRIAN BALAKONG, 43300 SERI KEMBANGAN, SELANGOR	address
38	total
. 	O
MR. D.I.Y. (M) SDN BHD 	company
LOT 1851-A & 1851-B, JALAN KPB 6, KAWASAN PERINDUSTRIAN BALAKONG, 43300 SERI KEMBANGAN, SELANGOR	address
2.1	total
. 	O
MR. D.I.Y. (M) SDN BHD 	company
LOT 1851-A & 1851-B, JALAN KPB 6, KAWASAN PERINDUSTRIAN BALAKONG, 43300 SERI KEMBANGAN, SELANGOR	address
53.2	total
. 	O
MR. D.I.Y. SDN BHD 	company
LOT 1851-A & 1851-B, JALAN KPB 6, KAWASAN PERINDUSTRIAN BALAKONG, 43300 SERI KEMBANGAN, SELANGOR	address
RM 3.90 	total
. 	O
SHELL ISNI PETRO TRADING 	company
LOT 2685 JLN GENTING KLANG 53300 KL SITE 1066 	address
86	total
. 	O
LIGHTROOM GALLERY SDN BHD 	company
NO: 28,JALAN ASTANA 1C, BANDAR BUKIT RAJA, 41050 KLANG SELANGOR D.E, MALAYSIA	address
73	total
. 	O
LIGHTROOM GALLERY SDN BHD 	company
NO: 28, JALAN ASTANA 1C, BANDAR BUKIT RAJA, 41050 KLANG SELANGOR D.E, MALAYSIA	address
39.8	total
. 	O
HOME MASTER HARDWARE & ELECTRICAL 	company
NO.113G & 115G, JALAN SETIA GEMBILANG U13/BG BANDAR SETIA ALAM, 40170 BANDAR SETIA ALAM, SELANGOR.	address
15.9	total
. 	O
LIGHTROOM GALLERY SDN BHD 	company
NO: 28, JALAN ASTANA 1C, BANDAR BUKIT RAJA, 41050 KLANG SELANGOR D.E, MALAYSIA	address
73	total
. 	O
POPULAR BOOK CO. (M) SDN BHD 	company
NO 8, JALAN 7/118B, DESA TUN RAZAK 56000 KUALA LUMPUR, MALAYSIA KL FESTIVAL CITY MALL	address
31.45	total
. 	O
POPULAR BOOK CO. (M) SDN BHD 	company
NO 8, JALAN 7/118B, DESA TUN RAZAK 56000 KUALA LUMPUR, MALAYSIA	address
21	total
. 	O
WAHIN HARDWARE SDN BHD 	company
425, JALAN PAHANG, SETAPAK, 53000 KUALA LUMPUR.	address
42.4	total
. 	O
POPULAR BOOK CO. (M) SDN BHD 	company
NO 8, JALAN 7/118B, DESA TUN RAZAK 56000 KUALA LUMPUR, MALAYSIA	address
9.65	total
. 	O
SYARIKAT PERNIAGAAN GIN KEE 	company
NO 290, JALAN AIR PANAS. SETAPAK, 53200, KUALA LUMPUR	address
47.7	total
. 	O
FY EAGLE ENTERPRISE 	company
NO. 42, JALAN PBS 14/11, TAMAN PERINDUSTRIAN BUKIT SERDANG, 43300 SERI KEMBANGAN, SELANGOR	address
7	total
. 	O
MR. D.I.Y. (KUCHAI) SDN BHD 	company
LOT 1851-A & 1851-B, JALAN KPB 6, KAWASAN PERINDUSTRIAN BALAKONG, 43300 SERI KEMBANGAN, SELANGOR	address
37.8	total
. 	O
MR. D.I.Y. SDN BHD 	company
LOT 1851-A & 1851-B, JALAN KPB 6, KAWASAN PERINDUSTRIAN BALAKONG, 43300 SERI KEMBANGAN, SELANGOR	address
9.9	total
. 	O
IKANO HANDEL SDN BHD 	company
NO 2A JALAN COCHRANE TAMAN MALURI 55100 KUALA LUMPUR 	address
538	total
. 	O
IKANO HANDEL SDN BHD 	company
NO 2A JALAN COCHRANE TAMAN MALURI 55100 KUALA LUMPUR 	address
99.8	total
. 	O
TRI SHAAS SDN BHD 	company
4-20, JALAN RIA 25/62 TAMAN SRI MUDA SEKSYEN 25, 40400 SHAH ALAM SELANGOR	address
5	total
. 	O
TRI SHAAS SDN BHD 	company
4-20, JALAN RIA 25/62 TAMAN SRI MUDA SEKSYEN 25, 40400 SHAH ALAM SELANGOR	address
85.1	total
. 	O
AEON CO. (M) BHD 	company
3RD FLR, AEON TAMAN MALURI SC JLN JEJAKA, TAMAN MALURI CHERAS, 55100 KUALA LUMPUR	address
5.9	total
. 	O
AEON CO. (M) BHD. 	company
3 FLOOR, AEON TAMAN MALURI SC JLN JEJAKA, TAMAN MALURI CHERAS, 55100 KUALA LUMPUR	address
5.9	total
. 	O
ADVANCO COMPANY 	company
NO 1&3, JALAN WANGSA DELIMA 12, WANGSA LINK, WANGSA MAJU, 53300 KUALA LUMPUR	address
83	total
. 	O
SWEET FOREST CAFE 	company
NO 21, JLN BUNGA KANTAN TAMAN P. RAMLEE SETAPAK 53000 KUALA LUMPUR	address
30.3	total
. 	O
LIM SENG THO HARDWARE TRADING 	company
NO 7. SIMPANG OFF BATU VILLAGE, JALAN IPOH BATU 5, 51200 KUALA LUMPUR MALAYSIA	address
7	total
. 	O
LIM SENG THO HARDWARE TRADING 	company
NO 7, SIMPANG OFF BATU VILLAGE, JALAN IPOH BATU 5, 51200 KUALA LUMPUR MALAYSIA	address
7	total
. 	O
ZAWIAJAYA FOOD N BEVERAGE SDN BHD 	company
106-107, LEVEL 1 THE MINES MALL SERDANG SRI KEMBANGAN, 43300 SELANGOR DARUL EHSAN.	address
48.15	total
. 	O
BEYOND BROTHERS HARDWARE 	company
LOT 1-0-2, JLN 1/50, DIAMOND SQUARE, OFF JLN GOMBAK 53000 KUALA LUMPUR	address
599.45	total
. 	O
LIM SENG THO HARDWARE TRADING 	company
NO 7, SIMPANG OFF BATU VILLAGE, JALAN IPOH BATU 5, 51200 KUALA LUMPUR MALAYSIA	address
6	total
. 	O
SYARIKAT PERNIAGAAN GIN KEE 	company
NO 290, JALAN AIR PANAS, SETAPAK, 53200, KUALA LUMPUR.	address
44.73	total
. 	O
SYARIKAT PERNIAGAAN GIN KEE 	company
NO 290, JALAN AIR PANAS, SETAPAK, 53200, KUALA LUMPUR.	address
93.07	total
. 	O
SYARIKAT PERNIAGAAN GIN KEE 	company
NO 290, JALAN AIR PANAS, SETAPAK, 53200, KUALA LUMPUR.	address
465.34	total
. 	O
SUN VICTORY SDN BHD 	company
LEVEL G2, BLOCK D1, SOLARIS DUTAMAS, NO.1, JALAN DUTAMAS 1, 50480 KUALA LUMPUR	address
RM4.00 	total
. 	O
SYARIKAT PERNIAGAAN GIN KEE 	company
NO 290, JALAN AIR PANAS, SETAPAK, 53200, KUALA LUMPUR.	address
2.12	total
. 	O
SYARIKAT PERNIAGAAN GIN KEE 	company
NO 290, JALAN AIR PANAS, SETAPAK, 53200, KUALA LUMPUR.	address
116.28	total
. 	O
SYARIKAT PERNIAGAAN GIN KEE 	company
NO 290, JALAN AIR PANAS, SETAPAK, 53200, KUALA LUMPUR.	address
94.87	total
. 	O
SYARIKAT PERNIAGAAN GIN KEE 	company
NO 290, JALAN AIR PANAS, SETAPAK, 53200, KUALA LUMPUR.	address
13.25	total
. 	O
SYARIKAT PERNIAGAAN GIN KEE 	company
NO 290, JALAN AIR PANAS, SETAPAK, 53200, KUALA LUMPUR.	address
23.32	total
. 	O
SYARIKAT PERNIAGAAN GIN KEE 	company
NO 290, JALAN AIR PANAS, SETAPAK, 53200, KUALA LUMPUR.	address
270.3	total
. 	O
SYARIKAT PERNIAGAAN GIN KEE 	company
NO 290, JALAN AIR PANAS, SETAPAK, 53200, KUALA LUMPUR.	address
7.95	total
. 	O
SYARIKAT PERNIAGAAN GIN KEE 	company
NO 290, JALAN AIR PANAS, SETAPAK, 53200, KUALA LUMPUR.	address
82.68	total
. 	O
SYARIKAT PERNIAGAAN GIN KEE 	company
NO 290, JALAN AIR PANAS, SETAPAK, 53200, KUALA LUMPUR.	address
74.2	total
. 	O
SYARIKAT PERNIAGAAN GIN KEE 	company
NO 290, JALAN AIR PANAS, SETAPAK, 53200, KUALA LUMPUR.	address
60.95	total
. 	O
TRI SHAAS SDN BHD 	company
4-20, JALAN RIA 25/62 TAMAN SRI MUDA SEKSYEN 25, 40400 SHAH ALAM SELANGOR	address
21.4	total
. 	O
ASO ELECTRICAL TRADING SDN BHD 	company
NO 31G, JALAN SEPADU C 25/C, SECTION 25, TAMAN INDUSTRIES, AXIS 40400 SHAH ALAM, SELANGIR.	address
248.05	total
. 	O
FARMASI MALURI S/B 	company
23, JIN BURUNG JENTAYU, TMN BUKIT MALURI, KEPONG, 52100 KL.	address
79.35	total
. 	O
BEYOND BROTHERS HARDWARE 	company
LOT 1-0-2, JLN 1/50, DIAMOND SQUARE, OFF JLN GOMBAK 53000 KUALA LUMPUR	address
63.6	total
. 	O
RESTORAN IBRAHIM MAJU SB 	company
NO.2, GROUND FLOOR, JALAN REKO SENTRAL 8 TAMAN REKO SENTRAL, 43000 KAJANG SELANGOR DE	address
5.3	total
. 	O
RESTORAN WAN SHENG 	company
NO.2, JALAN TEMENGGUNG 19/9, SEKSYEN 9, BANDAR MAHKOTA CHERAS, 43200 CHERAS, SELANGOR	address
9.6	total
. 	O
RSTORAN WAN SHENG 	company
NO.2, JALAN TEMENGGUNG 19/9, SEKSYEN 9, BANDAR MAHKOTA CHERAS, 43200 CHERAS, SELANGOR	address
6	total
. 	O
GERBANG ALAF RESTAURANTS SDN BHD 	company
LEVEL 6, BANGUNAN TH, DAMANSARA UPTOWN3 NO.3, JALAN SS21/39, 47400 PETALING JAYA SELANGOR	address
25.4	total
. 	O
RESTORAN WAN SHENG 	company
NO.2, JALAN TEMENGGUNG 19/9, SEKSYEN 9, BANDAR MAHKOTA CHERAS, 43200 CHERAS, SELANGOR	address
2.3	total
. 	O
RESTORAN WAN SHENG 	company
NO.2, JALAN TEMENGGUNG 19/9, SEKSYEN 9, BANDAR MAHKOTA CHERAS, 43200 CHERAS, SELANGOR	address
7	total
. 	O
HAPPY SNACKS ENTERPRISE 	company
19 & 19A, JALAN MERANTI 2A, SEKSYEI BANDAR BARU BATANG KALI, 44300	address
26.82	total
. 	O
GERBANG ALAF RESTAURANTS SDN BHD 	company
LEVEL 6, BANGUNAN TH, DAMANSARA UPTOWN3 NO.3, JALAN SS21/39, 47400 PETALING JAYA SELANGOR	address
8.5	total
. 	O
GERBANG ALAF RESTAURANTS SDN BHD 	company
LEVEL 6, BANGUNAN TH, DAMANSARA UPTOWN3 NO.3, JALAN SS21/39, 47400 PETALING JAYA SELANGOR	address
13.1	total
. 	O
MIZU MENTAI SDN. BHD. 	company
NO: 1-1&2 GROUND FLOOR, JLN TEMENGGUNG 13/9, 43200 CHERAS SELANGOR	address
65.55	total
. 	O
PAPPARICH BMC 	company
JALAN TEMENGGUNG 23/9 BANDAR MAHKOTA CHERAS 43200 SELANGOR DARUL EHSAN, MALAYSIA	address
72.93	total
. 	O
KHE ELECTRICAL TRADING 	company
33-G JALAN MAJU 3/1 TAMAN LEMBAH MAJU CHERAS, 56100 KL	address
101.75	total
. 	O
SWC ENTERPRISE SDN BHD 	company
5-7, JALAN MAHAGONI 7/1 SEKSYEN 4, BANDAR UTAMA, 44300 BATANG KALI, SELANGOR	address
30	total
. 	O
L TWO FLORIST & HANDICRAFT 	company
NO.49, JALAN MAHAGONI 7/2, SEKSYEN 4 BANDAR UTAMA, 44300 BATANG KALI, SELANGOR.	address
9	total
. 	O
WATSON'S PERSONAL CARE STORES SDN BHD 	company
USJ SUMMIT, SUBANG (SS)	address
RM41.45 	total
. 	O
POPULAR BOOK CO. (M) SDN BHD 	company
NO 8, JALAN 7/118B, DESA TAN RAZAH 56000 KUALA LUMPUR, MALAYSIA KSL CITY	address
14.65	total
. 	O
GERBANG ALAF RESTAURANTS SDN BHD 	company
LEVEL 6, BANGUNAN TH, DAMANSARA UPTOWN3 NO.3, JALAN SS21/39, 47400 PETALING JAYA SELANGOR	address
28.5	total
. 	O
99 SPEED MART S/B 	company
LOT P. T. 2811, JALAN ANGSA, TAMAN BERKELEY 41150 KLANG, SELANGOR 1934-LAMAN RIMBUNAN	address
3.7	total
. 	O
FUN N CHEER (MALURI) 	company
LOT 37636 , JALAN 6/37A, TAMAN BUKIT MALURI , 52100 KUALA LUMPUR	address
29.8	total
. 	O
GOLDEN SCOOP SDN BHD 	company
A-16-1, TOWER A, NORTHPOINT OFFICE, MID VALLEY CITY, NO1, MEDAN SYED PUTRA UTARA KUALA LUMPUR MALAYSIA	address
21.5	total
. 	O
TK DIVISION KITCHEN SDN BHD 	company
19-1. JALAN MALINJA 2, TAMAN BUNGA RAYA, 53100 SETAPAK, KUALA LUMPUR.	address
RM 29.70 	total
. 	O
CT281 - TEALIVE SHELL KEPONG OTTOGO ENTERPRISE 	company
SHELL STATION PT15944, MUKIM BATU, JLN BESAR KEPONG	address
RM8.60 	total
. 	O
99 SPEED MART S/B 	company
LOT P. T. 2811, JALAN ANGSA, TAMAN BERKELEY 41150 KLANG, SELANGOR 1181-TMN SRI SINAR	address
213	total
. 	O
SUNFISH 	company
22 LRG PERUSAHAAN 4 KIMPAL INDS.PARK B.CAVES 	address
28.7	total
. 	O
NADEJE PRESTIGE SDN BHD 	company
LOT NO. : G1 . 116A,GROUND FLOOR , SUNWAY PYRAMID , NO.3, JALAN PJS 11/15, BANDAR SUNWAY , 47500 PETALING JAYA.	address
RM39.00 	total
. 	O
99 SPEED MART S/B 	company
LOT P. T. 2811, JALAN ANGSA, TAMAN BERKELEY 41150 KLANG, SELANGOR 1362-JLN DEVELOPMENT	address
108.5	total
. 	O
MR . DAKGALBI SOLARIS 	company
NO.J-G-02, SOHO KI, SOLARIS MONT KIERA, 50 480 KL	address
71	total
. 	O
KING'S CONFECTIONERY S/B 	company
NO.41, JALAN SERI BINTANG 2 TAMAN SRI BINTANG, 52100 KUALA LUMPUR.	address
25.15	total
. 	O
THE STORE (MALAYSIA) SDN BHD 	company
LOT 34817 JALAN BATU AMBAR TAMAN KOK LIAN 51200 KUALA LUMPUR,	address
35.8	total
. 	O
YAM FRESH 	company
NO. 145G, JALAN RIMBUNAN RAYA 1, LAMAN RIMBUNAN KEPONG, 52100 KUALA LUMPUR	address
RM29.30 	total
. 	O
LITTLE CRAVINGS SDN BHD 	company
 HQ: 7, JLN SS21/34, 47400 PJ 	address
RM53.60 	total
. 	O
POPULAR BOOK CO. (M) SDN BHD 	company
NO 8, JALAN 7/118B, DESA TUN RAZAK 56000 KUALA LUMPUR, MALAYSIA AMPANG POINT CENTRE	address
11.8	total
. 	O
KEDAI PAPAN YEW CHUAN 	company
LOT 276 JALAN BANTING 43800 DENGKIL, SELANGOR.	address
174.9	total
. 	O
KEDAI PAPAN YEW CHUAN 	company
LOT 276 JALAN BANTING 43800 DENGKIL, SELANGOR.	address
174.9	total
. 	O
KEDAI PAPAN YEW CHUAN 	company
LOT 276 JALAN BANTING 43800 DENGKIL, SELANGOR.	address
101.76	total
. 	O
KEDAI PAPAN YEW CHUAN 	company
LOT 276 JALAN BANTING 43800 DENGKIL, SELANGOR.	address
127.2	total
. 	O
MY HAPPY PHARMACY PLT 	company
NO 12 GF, JALAN MAMANDA 5, TAMAN DATO AHMAD RAZALI, JALAN AMPANG, 68000 AMPANG, SELANGOR.	address
20.5	total
. 	O
DOMMAL FOOD SERVICES SDN BHD 	company
D-08, M AVENUE , JLN 1 / 38A SEGAMBUT BAHAGIA 51200 KUALA LUMPUR	address
60.6	total
. 	O
GUARDIAN HEALTH AND BEAUTY SDN BHD 	company
GUARDIAN GIANT BREM MALL G-19 LEVEL G BREM MALL 	address
12	total
. 	O
ZEN AND COFFEE 28 S/B 	company
NO 53, JALAN 3/62A, BANDAR MENJALARA, 52200 KUALA LUMPUR.	address
105	total
. 	O
MR. D. I. Y. (KUCHAI) SDN BHD 	company
LOT 1851-A & 1851-B, JALAN KPB 6, KAWASAN PERINDUSTRIAN BALAKONG, 43300 SERI KEMBANGAN, SELANGOR	address
53.3	total
. 	O
BHPETROL SUBANG AIRPORT 	company
JALAN LAPANGAN TERBANG SUBANG 47200 SUBANG SELANGOR 	address
41.95	total
. 	O
SLF CASH & CARRY 	company
NO.15, JLN TSJ2,TMN SUBANG JASA, OFF JLN BT 3 SUBANG, 40000 SHAH ALAM, SEL.	address
48	total
. 	O
SLF CASH & CARRY 	company
NO. 15. JLN TSJ2,TMN SUBANG JASA, OFF JLN BT 3 SUBANG. 40000 SHAH ALAM. SEL.	address
21.2	total
. 	O
BILLION SIX ENTERPRISE 	company
NO 3, JALAN TAMAN JAS'A 2; . SECTION U6, 40150 SHAH ALAM.	address
63.8	total
. 	O
BHPETROL PALEKBANG 	company
LOT 1626, MUKIM KAMPUNG LAUT TUMPAT 16200 PALEKBANG, KELANTAN	address
6	total
. 	O
SUPER SEVEN CASH & CARRY SDN BHD 	company
NO. 1 JALAN EURO 1 OFF JALAN BATU TIGA SUNGAI BULOH SEKSYEN U3 SHAH ALAM, 40150	address
RM367.10 	total
. 	O
KMF FOODICIOUS SDN BHD 	company
NO. 9-G, JALAN PERUBATAN 2, PANDAN INDAH, 55100 KUALA LUMPUR.	address
31	total
. 	O
URBAN IDEA SDN BHD 	company
A-G-06, DATARAN GLOMAC, JALAN SS6/5A, PUSAT BANDAR KELANA JAYA, 47301 PETALING JAYA, SELANGOR, MALAYSIA	address
RM22.65 	total
. 	O
99 SPEED MART S/B 	company
LOT P.T. 2811, JALAN ANGSA, TAMAN BERKELEY 41150 KLANG, SELANGOR	address
45.35	total
. 	O
YONG CEN ENTERPRISE 	company
9, JALAN SUBANG JASA 3, 40150 SHAN ALAM, SELANGOR.	address
63.35	total
. 	O
AEON CO. (M) BHD 	company
3RD FLR, AEON TAMAN MALURI SC JLN JEJAKA, TAMAN MALURI CHERAS, 55100 KUALA LUMPUR	address
31	total
. 	O
TSH POWER HARDWARE TRADING 	company
13-1, JALAN PJU 5/10, DATARAN SUNWAY, KOTA DAMANSARA, 47810, PETALING JAYA, SELANGOR	address
8	total
. 	O
POPULAR BOOK CO. (M) SDN BHD 	company
NO 8, JALAN 7/118B, DESA TUN RAZAK 56000 KUALA LUMPUR, MALAYSI.	address
5.75	total
. 	O
MR. D.I.Y. (KUCHAI) SDN BHD 	company
LOT 1851-A & 1851-B, JALAN KPB 6, KAWASAN PERINDUSTRIAN BALAKONG, 43300 SERI KEMBANGAN, SELANGOR	address
45	total
. 	O
AEON CO. (M) BHD 	company
3RD FLR, AEON TAMAN MALURI SC JLN JEJAKA, TAMAN MALURI CHERAS, 55100 KUALA LUMPUR	address
42.5	total
. 	O
